period,mr_id,project_id,author_id,author_username,created_at,merged_at,lines_added,lines_deleted,files_changed,target_branch,time_to_merge_hrs,churn_ratio,first_review_at,time_to_first_review_hrs,review_round_trips
Pre-AI,181,170,4,SE_01,2025-12-30T17:15:12.594Z,2026-01-02T05:28:45.271Z,,,,cxt-master,60.22574361111111,,,,
Pre-AI,180,170,209,NS_04,2025-12-29T19:00:36.975Z,2026-01-02T16:55:12.727Z,,,,cxt-master,93.9099311111111,,,,
Pre-AI,179,170,4,SE_01,2025-12-26T14:00:01.531Z,2025-12-29T09:31:04.970Z,,,,cxt-master,67.51762194444444,,2025-12-29T04:32:14.907Z,62.53704888888888,2.0
Pre-AI,178,170,7,SE_02,2025-12-22T11:58:05.772Z,2025-12-23T05:52:03.700Z,,,,cxt-master,17.899424444444445,,,,
Pre-AI,177,170,209,NS_04,2025-12-19T19:13:41.093Z,2025-12-29T16:48:55.543Z,,,,cxt-master,237.5873472222222,,,,
Pre-AI,176,170,7,SE_02,2025-12-18T08:49:51.136Z,2025-12-19T04:08:04.411Z,,,,cxt-master,19.3036875,,,,
Pre-AI,175,170,7,SE_02,2025-12-18T04:54:15.343Z,2025-12-18T05:16:57.202Z,,,,cxt-master,0.3782941666666666,,,,
Pre-AI,174,170,209,NS_04,2025-12-17T21:06:21.761Z,2025-12-18T18:33:08.418Z,,,,cxt-master,21.446293611111116,,,,
Pre-AI,173,170,209,NS_04,2025-12-17T19:17:48.326Z,2025-12-18T18:03:11.609Z,,,,cxt-master,22.7564675,,,,
Pre-AI,172,170,209,NS_04,2025-12-17T17:11:41.433Z,2025-12-17T17:41:39.256Z,,,,cxt-master,0.4993952777777778,,,,
Pre-AI,171,170,209,NS_04,2025-12-16T19:06:14.132Z,2025-12-17T17:39:48.390Z,,,,cxt-master,22.55951611111111,,,,
Pre-AI,170,170,139,NS_03,2025-12-16T17:29:39.649Z,2025-12-16T18:16:52.086Z,,,,cxt-master,0.7867880555555555,,,,
Pre-AI,169,170,209,NS_04,2025-12-15T17:39:22.159Z,2025-12-16T17:12:53.146Z,,,,cxt-master,23.5586075,,,,
Pre-AI,168,170,139,NS_03,2025-12-15T17:04:49.040Z,2025-12-15T17:34:58.296Z,,,,cxt-master,0.5025711111111111,,,,
Pre-AI,167,170,139,NS_03,2025-12-15T16:33:38.545Z,2025-12-15T16:43:40.495Z,,,,cxt-master,0.1672083333333333,,,,
Pre-AI,166,170,209,NS_04,2025-12-15T16:18:38.814Z,2025-12-15T16:37:48.957Z,,,,cxt-master,0.3194841666666667,,,,
Pre-AI,165,170,209,NS_04,2025-12-15T15:57:09.142Z,2025-12-15T16:38:07.334Z,,,,cxt-master,0.6828311111111112,,,,
Pre-AI,163,170,7,SE_02,2025-12-12T11:43:47.334Z,2025-12-15T06:36:23.838Z,,,,cxt-master,66.87680666666667,,,,
Pre-AI,162,170,4,SE_01,2025-12-10T16:34:40.614Z,2025-12-10T17:00:39.321Z,,,,release/rel-2025-12-01,0.4329741666666667,,,,
Pre-AI,161,170,139,NS_03,2025-12-09T17:37:34.739Z,2025-12-09T17:40:06.036Z,,,,cxt-master,0.0420269444444444,,,,
Pre-AI,160,170,7,SE_02,2025-12-09T10:15:20.423Z,2025-12-17T03:10:33.767Z,,,,cxt-master,184.92037333333332,,2025-12-16T07:00:53.345Z,164.75914500000002,2.0
Pre-AI,158,170,209,NS_04,2025-12-08T23:40:31.845Z,2025-12-09T16:05:33.037Z,,,,cxt-master,16.41699777777778,,,,
Pre-AI,157,170,209,NS_04,2025-12-08T16:56:09.214Z,2025-12-08T16:59:30.306Z,,,,cxt-master,0.0558588888888888,,,,
Pre-AI,156,170,185,gbhatnagar,2025-12-08T16:35:35.645Z,2025-12-08T16:40:47.860Z,,,,cxt-master,0.0867263888888888,,,,
Pre-AI,155,170,209,NS_04,2025-12-05T21:08:54.285Z,2025-12-08T16:30:58.466Z,,,,refactor/blueprint-base,67.36782805555556,,,,
Pre-AI,154,170,209,NS_04,2025-12-05T16:21:49.055Z,2025-12-05T16:34:19.667Z,,,,refactor/blueprint-base,0.2085033333333333,,,,
Pre-AI,153,170,209,NS_04,2025-12-04T21:20:11.930Z,2025-12-05T16:32:49.597Z,,,,refactor/blueprint-base,19.21046305555556,,,,
Pre-AI,152,170,209,NS_04,2025-12-03T19:12:44.080Z,2025-12-03T19:30:13.148Z,,,,refactor/blueprint-base,0.2914077777777777,,,,
Pre-AI,151,170,139,NS_03,2025-12-02T18:36:08.005Z,2025-12-02T19:07:58.527Z,,,,cxt-master,0.5307005555555555,,,,
Pre-AI,150,170,7,SE_02,2025-11-28T09:46:04.422Z,2025-12-01T05:05:25.267Z,,,,cxt-master,67.32245694444444,,,,
Pre-AI,149,170,7,SE_02,2025-11-27T04:25:27.330Z,2025-11-27T05:58:52.908Z,,,,cxt-master,1.5571050000000002,,,,
Pre-AI,148,170,7,SE_02,2025-11-26T11:00:29.871Z,2025-11-26T11:05:14.239Z,,,,cxt-master,0.0789911111111111,,,,
Pre-AI,147,170,7,SE_02,2025-11-26T06:45:30.121Z,2025-11-26T10:16:33.666Z,,,,cxt-master,3.517651388888889,,,,
Pre-AI,146,170,7,SE_02,2025-11-25T09:39:02.207Z,2025-11-25T10:22:34.791Z,,,,cxt-master,0.7257177777777777,,,,
Pre-AI,145,170,185,gbhatnagar,2025-11-24T15:41:34.440Z,2025-11-24T16:20:25.014Z,,,,cxt-master,0.6473816666666666,,,,
Pre-AI,144,170,139,NS_03,2025-11-21T17:51:31.439Z,2025-11-21T17:52:41.005Z,,,,cxt-master,0.0193238888888888,,,,
Pre-AI,143,170,7,SE_02,2025-11-21T08:46:14.594Z,2025-11-24T05:37:10.055Z,,,,cxt-master,68.84873916666668,,,,
Pre-AI,142,170,7,SE_02,2025-11-18T05:08:56.050Z,2025-11-18T06:20:27.528Z,,,,cxt-master,1.1920772222222222,,,,
Pre-AI,141,170,139,NS_03,2025-11-17T17:18:38.017Z,2025-11-17T17:24:45.175Z,,,,cxt-master,0.1019883333333333,,,,
Pre-AI,140,170,7,SE_02,2025-11-17T07:18:44.764Z,2025-11-17T08:36:09.608Z,,,,cxt-master,1.2902344444444445,,,,
Pre-AI,139,170,209,NS_04,2025-11-14T22:30:04.434Z,2025-11-17T16:24:19.914Z,,,,cxt-master,65.9043,,,,
Pre-AI,138,170,209,NS_04,2025-11-14T17:49:38.678Z,2025-11-14T20:11:45.289Z,,,,cxt-master,2.368503055555556,,,,
Pre-AI,137,170,139,NS_03,2025-11-12T22:24:26.563Z,2025-11-13T20:22:21.923Z,,,,cxt-master,21.96537777777778,,,,
Pre-AI,136,170,209,NS_04,2025-11-12T22:01:09.397Z,2025-11-12T22:25:27.255Z,,,,refactor/blueprint-base,0.4049605555555555,,,,
Pre-AI,134,170,139,NS_03,2025-11-10T19:45:05.901Z,2025-11-10T19:46:17.753Z,,,,cxt-master,0.0199588888888888,,,,
Pre-AI,133,170,185,gbhatnagar,2025-11-06T21:10:18.024Z,2025-11-06T21:11:45.912Z,,,,cxt-master,0.0244133333333333,,,,
Pre-AI,132,170,139,NS_03,2025-11-06T20:31:50.973Z,2025-11-06T20:34:20.884Z,,,,cxt-master,0.0416419444444444,,,,
Pre-AI,131,170,139,NS_03,2025-11-06T20:30:42.999Z,2025-11-06T20:34:08.556Z,,,,cxt-master,0.0570991666666666,,,,
Pre-AI,130,170,139,NS_03,2025-11-06T16:47:45.052Z,2025-11-06T16:49:39.520Z,,,,cxt-master,0.0317966666666666,,,,
Pre-AI,129,170,7,SE_02,2025-11-04T20:38:57.503Z,2025-11-06T04:21:20.317Z,,,,cxt-master,31.70633722222222,,,,
Pre-AI,128,170,139,NS_03,2025-11-04T18:03:15.173Z,2025-11-04T18:23:29.748Z,,,,cxt-master,0.3373819444444444,,,,
Pre-AI,127,170,139,NS_03,2025-11-03T18:38:37.531Z,2025-11-03T18:40:16.548Z,,,,cxt-master,0.0275047222222222,,,,
Pre-AI,126,170,139,NS_03,2025-11-03T18:14:48.560Z,2025-11-03T18:20:53.158Z,,,,cxt-master,0.1012772222222222,,,,
Pre-AI,125,170,139,NS_03,2025-11-03T18:13:43.961Z,2025-11-03T18:20:56.985Z,,,,cxt-master,0.1202844444444444,,,,
Pre-AI,124,170,7,SE_02,2025-10-31T09:50:43.328Z,2025-11-03T18:11:57.561Z,,,,refactor/blueprint-base,80.35395361111111,,,,
Pre-AI,123,170,7,SE_02,2025-10-30T08:42:38.474Z,2025-10-30T08:49:36.404Z,,,,release/rel-2025-10-02-cxt-master,0.1160916666666666,,,,
Pre-AI,122,170,209,NS_04,2025-10-29T18:05:15.438Z,2025-10-29T18:16:00.737Z,,,,refactor/blueprint-base,0.1792497222222222,,,,
Pre-AI,121,170,7,SE_02,2025-10-29T04:50:28.616Z,2025-10-29T05:15:40.003Z,,,,release/rel-2025-10-02-cxt-master,0.4198297222222222,,,,
Pre-AI,120,170,7,SE_02,2025-10-28T10:25:10.808Z,2025-10-29T06:36:44.472Z,,,,release/rel-2025-10-02-cxt-master,20.19268444444445,,,,
Pre-AI,119,170,139,NS_03,2025-10-24T16:57:03.198Z,2025-10-24T16:58:17.075Z,,,,cxt-master,0.0205213888888888,,,,
Pre-AI,118,170,139,NS_03,2025-10-24T16:26:29.319Z,2025-10-24T16:32:42.441Z,,,,cxt-master,0.103645,,,,
Pre-AI,117,170,7,SE_02,2025-10-24T12:46:59.884Z,2025-10-24T16:28:23.780Z,,,,refactor/blueprint-base,3.6899711111111113,,,,
Pre-AI,116,170,185,gbhatnagar,2025-10-23T22:35:58.456Z,2025-10-23T22:44:45.902Z,,,,cxt-master,0.1465127777777778,,,,
Pre-AI,115,170,7,SE_02,2025-10-23T03:56:26.155Z,2025-10-24T07:52:06.105Z,,,,refactor/blueprint-base,27.927763888888887,,,,
Pre-AI,113,170,139,NS_03,2025-10-22T16:51:28.249Z,2025-10-22T17:12:17.095Z,,,,cxt-master,0.3469016666666666,,,,
Pre-AI,112,170,7,SE_02,2025-10-22T09:31:10.969Z,2025-10-22T16:54:43.131Z,,,,refactor/blueprint-base,7.392267222222222,,,,
Pre-AI,111,170,7,SE_02,2025-10-21T11:22:25.894Z,2025-10-21T16:18:12.802Z,,,,refactor/blueprint-base,4.929696666666667,,,,
Pre-AI,110,170,7,SE_02,2025-10-21T04:10:12.322Z,2025-10-21T04:18:14.705Z,,,,refactor/blueprint-base,0.1339952777777777,,,,
Pre-AI,109,170,185,gbhatnagar,2025-10-20T20:45:46.595Z,2025-10-20T20:52:53.986Z,,,,cxt-master,0.1187197222222222,,,,
Pre-AI,108,170,185,gbhatnagar,2025-10-16T16:05:37.289Z,2025-10-16T18:46:44.930Z,,,,cxt-master,2.685455833333333,,,,
Pre-AI,107,170,7,SE_02,2025-10-16T06:29:50.340Z,2025-10-20T17:16:16.946Z,,,,refactor/blueprint-base,106.77405722222224,,,,
Pre-AI,106,170,209,NS_04,2025-10-15T15:13:11.291Z,2025-10-16T14:01:17.664Z,,,,cxt-master,22.80177027777778,,2025-10-15T20:49:33.575Z,5.60619,2.0
Pre-AI,105,170,209,NS_04,2025-10-14T19:36:37.098Z,2025-10-15T20:56:59.473Z,,,,cxt-master,25.339548611111116,,,,
Pre-AI,104,170,209,NS_04,2025-10-14T19:30:33.967Z,2025-10-14T19:37:39.258Z,,,,cxt-master,0.1181363888888888,,,,
Pre-AI,103,170,139,NS_03,2025-10-14T16:46:11.140Z,2025-10-14T21:39:51.548Z,,,,cxt-master,4.894557777777778,,,,
Pre-AI,102,170,4,SE_01,2025-10-07T09:51:21.992Z,2025-10-07T09:51:30.427Z,,,,release/rel-2025-10-01,0.0023430555555555,,,,
Pre-AI,100,170,209,NS_04,2025-10-02T14:35:35.261Z,2025-10-02T16:02:52.164Z,,,,cxt-master,1.4546952777777775,,,,
Pre-AI,99,170,209,NS_04,2025-09-29T18:46:37.879Z,2025-10-01T15:46:18.837Z,,,,cxt-master,44.99471055555556,,,,
Pre-AI,97,170,139,NS_03,2025-09-25T19:48:30.733Z,2025-09-25T19:50:34.490Z,,,,cxt-master,0.0343769444444444,,,,
Pre-AI,96,170,185,gbhatnagar,2025-09-23T20:13:54.283Z,2025-09-23T20:48:39.013Z,,,,cxt-master,0.5790916666666667,,,,
Pre-AI,95,170,139,NS_03,2025-09-19T20:16:27.933Z,2025-09-19T20:18:12.872Z,,,,cxt-master,0.0291497222222222,,,,
Pre-AI,94,170,139,NS_03,2025-09-17T16:30:07.651Z,2025-09-17T16:32:57.960Z,,,,cxt-master,0.0473080555555555,,,,
Pre-AI,93,170,7,SE_02,2025-09-17T08:57:31.958Z,2025-09-17T09:40:10.669Z,,,,cxt-master,0.7107530555555555,,,,
Pre-AI,91,170,209,NS_04,2025-09-11T14:45:54.555Z,2025-09-11T16:27:24.212Z,,,,cxt-master,1.691571388888889,,,,
Pre-AI,90,170,7,SE_02,2025-09-11T06:47:43.180Z,2025-09-12T04:33:18.978Z,,,,cxt-master,21.759943888888888,,,,
Pre-AI,89,170,185,gbhatnagar,2025-09-10T20:32:58.276Z,2025-09-10T20:37:40.453Z,,,,cxt-master,0.0783825,,,,
Pre-AI,88,170,209,NS_04,2025-09-09T15:23:04.925Z,2025-09-10T01:27:22.310Z,,,,cxt-master,10.071495833333334,,,,
Pre-AI,87,170,139,NS_03,2025-09-09T15:07:10.697Z,2025-09-09T15:34:26.932Z,,,,cxt-master,0.4545097222222222,,,,
Pre-AI,86,170,7,SE_02,2025-09-09T11:33:20.872Z,2025-09-10T03:56:04.109Z,,,,cxt-master,16.378676944444443,,,,
Pre-AI,85,170,185,gbhatnagar,2025-09-08T15:41:59.169Z,2025-09-08T16:15:27.257Z,,,,cxt-master,0.5578022222222222,,,,
Pre-AI,84,170,7,SE_02,2025-09-08T10:05:21.416Z,2025-09-08T16:16:23.526Z,,,,cxt-master,6.183919444444444,,,,
Pre-AI,83,170,139,NS_03,2025-09-05T17:35:29.225Z,2025-09-05T18:00:03.560Z,,,,cxt-master,0.4095375,,,,
Pre-AI,82,170,139,NS_03,2025-09-03T15:59:38.742Z,2025-09-03T16:02:11.905Z,,,,cxt-master,0.0425452777777777,,,,
Pre-AI,81,170,139,NS_03,2025-09-02T16:05:09.278Z,2025-09-03T16:02:47.164Z,,,,cxt-master,23.96052388888889,,,,
Pre-AI,79,170,209,NS_04,2025-08-29T19:18:43.548Z,2025-09-04T15:41:19.078Z,,,,cxt-master,140.3765361111111,,,,
Pre-AI,78,170,7,SE_02,2025-08-29T07:32:18.171Z,2025-08-29T09:54:25.755Z,,,,cxt-master,2.3687733333333334,,,,
Pre-AI,77,170,139,NS_03,2025-08-28T17:52:21.467Z,2025-08-28T17:59:30.617Z,,,,cxt-master,0.1192083333333333,,,,
Pre-AI,76,170,209,NS_04,2025-08-27T20:31:20.346Z,2025-08-28T18:17:58.908Z,,,,cxt-master,21.77737833333333,,,,
Pre-AI,74,170,139,NS_03,2025-08-27T17:43:29.020Z,2025-08-27T17:45:41.916Z,,,,cxt-master,0.0369155555555555,,,,
Pre-AI,73,170,139,NS_03,2025-08-25T19:28:14.828Z,2025-08-25T19:32:47.409Z,,,,cxt-master,0.0757169444444444,,,,
Pre-AI,72,170,139,NS_03,2025-08-25T18:43:28.827Z,2025-08-25T18:47:04.182Z,,,,cxt-master,0.0598208333333333,,,,
Pre-AI,71,170,4,SE_01,2025-08-22T05:21:20.002Z,2025-08-22T05:31:33.997Z,,,,cxt-master,0.1705541666666666,,,,
Pre-AI,70,170,185,gbhatnagar,2025-08-21T21:46:44.522Z,2025-08-21T22:01:07.145Z,,,,cxt-master,0.2396175,,,,
Pre-AI,69,170,4,SE_01,2025-08-21T07:39:46.078Z,2025-08-22T03:48:16.879Z,,,,cxt-master,20.14188916666667,,,,
Pre-AI,68,170,7,SE_02,2025-08-21T07:10:10.293Z,2025-08-21T07:11:19.044Z,,,,cxt-master,0.0190975,,,,
Pre-AI,67,170,185,gbhatnagar,2025-08-20T23:20:12.697Z,2025-08-20T23:39:25.681Z,,,,cxt-master,0.3202733333333333,,,,
Pre-AI,66,170,7,SE_02,2025-08-20T09:06:00.882Z,2025-08-20T09:10:13.961Z,,,,cxt-master,0.0702997222222222,,,,
Pre-AI,65,170,139,NS_03,2025-08-18T20:45:41.072Z,2025-08-18T20:50:56.296Z,,,,cxt-master,0.0875622222222222,,,,
Pre-AI,64,170,4,SE_01,2025-08-18T12:32:02.312Z,2025-08-19T03:01:50.040Z,,,,cxt-master,14.496591111111112,,,,
Pre-AI,63,170,7,SE_02,2025-08-18T07:39:27.364Z,2025-08-18T09:13:30.294Z,,,,cxt-master,1.5674805555555555,,,,
Pre-AI,62,170,139,NS_03,2025-08-15T18:55:19.136Z,2025-08-15T19:01:00.797Z,,,,cxt-master,0.0949058333333333,,,,
Pre-AI,61,170,185,gbhatnagar,2025-08-15T17:52:37.843Z,2025-08-15T17:56:14.010Z,,,,cxt-master,0.0600463888888888,,,,
Pre-AI,60,170,139,NS_03,2025-08-15T01:12:43.309Z,2025-08-15T15:37:45.524Z,,,,cxt-master,14.417281944444444,,,,
Pre-AI,59,170,7,SE_02,2025-08-14T10:04:36.509Z,2025-08-18T03:30:21.059Z,,,,cxt-master,89.42904166666666,,,,
Pre-AI,58,170,7,SE_02,2025-08-13T09:22:48.796Z,2025-08-14T03:11:32.789Z,,,,cxt-master,17.81222027777778,,,,
Pre-AI,57,170,4,SE_01,2025-08-12T17:06:36.468Z,2025-08-14T03:10:39.748Z,,,,cxt-master,34.06757777777778,,,,
Pre-AI,56,170,4,SE_01,2025-08-12T16:57:07.561Z,2025-08-14T11:05:52.297Z,,,,cxt-master,42.14576,,2025-08-13T16:04:09.077Z,23.11708777777778,2.0
Pre-AI,55,170,7,SE_02,2025-08-08T11:55:49.425Z,2025-08-12T04:19:05.628Z,,,,cxt-master,88.38783416666666,,,,
Pre-AI,54,170,209,NS_04,2025-08-07T20:53:31.169Z,2025-08-11T17:23:36.862Z,,,,cxt-master,92.5015813888889,,,,
Pre-AI,53,170,209,NS_04,2025-08-07T20:12:57.613Z,2025-08-07T20:32:59.197Z,,,,cxt-master,0.3337733333333333,,,,
Pre-AI,52,170,139,NS_03,2025-08-05T21:25:24.553Z,2025-08-05T21:28:02.943Z,,,,cxt-master,0.0439972222222222,,,,
Pre-AI,51,170,209,NS_04,2025-08-05T18:37:21.576Z,2025-08-05T19:52:56.690Z,,,,cxt-master,1.2597538888888888,,,,
Pre-AI,50,170,7,SE_02,2025-08-05T11:26:14.047Z,2025-08-07T05:39:29.541Z,,,,cxt-master,42.22097055555556,,,,
Pre-AI,49,170,7,SE_02,2025-08-05T08:40:23.331Z,2025-08-05T09:59:27.145Z,,,,cxt-master,1.3177261111111112,,,,
Pre-AI,48,170,7,SE_02,2025-08-05T07:30:35.434Z,2025-08-05T07:33:42.014Z,,,,release/rel-2025-08-01,0.0518277777777777,,,,
Pre-AI,47,170,185,gbhatnagar,2025-08-04T23:13:35.496Z,2025-08-04T23:23:37.890Z,,,,cxt-master,0.1673316666666666,,,,
Pre-AI,46,170,185,gbhatnagar,2025-08-03T05:46:27.479Z,2025-08-04T06:11:08.609Z,,,,cxt-master,24.411425,,,,
Pre-AI,45,170,139,NS_03,2025-07-31T17:20:37.922Z,2025-07-31T17:23:42.133Z,,,,cxt-master,0.0511697222222222,,,,
Pre-AI,44,170,209,NS_04,2025-07-29T17:36:52.549Z,2025-07-31T17:27:11.516Z,,,,cxt-master,47.83860194444445,,,,
Pre-AI,43,170,4,SE_01,2025-07-29T06:12:30.190Z,2025-07-29T06:19:44.858Z,,,,release/rel-2025-07-03,0.1207411111111111,,,,
Pre-AI,42,170,209,NS_04,2025-07-28T21:11:21.367Z,2025-08-05T18:03:16.166Z,,,,cxt-master,188.86522194444444,,2025-07-28T21:28:37.661Z,0.2878594444444444,3.0
Pre-AI,41,170,7,SE_02,2025-07-28T10:09:46.489Z,2025-07-28T18:38:15.939Z,,,,cxt-master,8.474847222222223,,,,
Pre-AI,40,170,4,SE_01,2025-07-28T07:47:05.011Z,2025-07-28T07:52:49.128Z,,,,cxt-master,0.0955880555555555,,,,
Pre-AI,39,170,4,SE_01,2025-07-28T06:24:12.857Z,2025-07-28T06:26:42.496Z,,,,cxt-master,0.0415663888888888,,,,
Pre-AI,38,170,4,SE_01,2025-07-25T11:48:58.199Z,2025-07-28T04:42:14.461Z,,,,cxt-master,64.88785055555556,,,,
Pre-AI,37,170,7,SE_02,2025-07-25T10:40:39.610Z,2025-07-28T04:24:01.802Z,,,,cxt-master,65.72283111111112,,,,
Pre-AI,36,170,4,SE_01,2025-07-24T18:51:44.648Z,2025-07-25T04:17:51.478Z,,,,cxt-master,9.435230555555556,,,,
Pre-AI,35,170,7,SE_02,2025-07-24T11:38:15.051Z,2025-07-25T04:03:49.841Z,,,,cxt-master,16.426330555555555,,,,
Pre-AI,34,170,4,SE_01,2025-07-23T16:39:12.030Z,2025-07-24T17:17:12.313Z,,,,cxt-master,24.633411944444443,,,,
Pre-AI,33,170,185,gbhatnagar,2025-07-21T17:09:27.310Z,2025-07-21T20:25:11.589Z,,,,cxt-master,3.2622997222222225,,2025-07-21T17:48:43.431Z,0.6544780555555556,1.0
Pre-AI,32,170,7,SE_02,2025-07-21T09:58:26.013Z,2025-07-22T17:20:08.391Z,,,,cxt-master,31.361771666666662,,,,
Pre-AI,31,170,7,SE_02,2025-07-18T05:23:15.920Z,2025-07-21T04:59:30.164Z,,,,cxt-master,71.60395666666666,,,,
Pre-AI,30,170,139,NS_03,2025-07-17T18:26:09.562Z,2025-07-17T18:53:26.549Z,,,,cxt-master,0.4547186111111111,,,,
Pre-AI,29,170,139,NS_03,2025-07-14T19:47:41.125Z,2025-07-14T19:50:02.359Z,,,,cxt-master,0.0392316666666666,,,,
Pre-AI,28,170,7,SE_02,2025-07-14T12:59:20.706Z,2025-07-14T19:54:01.423Z,,,,cxt-master,6.911310277777778,,,,
Pre-AI,27,170,139,NS_03,2025-07-10T22:28:38.722Z,2025-07-10T22:32:01.243Z,,,,cxt-master,0.0562558333333333,,,,
Pre-AI,26,170,7,SE_02,2025-07-10T09:09:06.119Z,2025-07-11T05:17:03.131Z,,,,cxt-master,20.13250333333333,,2025-07-10T18:07:21.690Z,8.970991944444444,2.0
Pre-AI,25,170,4,SE_01,2025-07-10T06:29:54.468Z,2025-07-10T06:31:30.730Z,,,,cxt-master,0.0267394444444444,,,,
Pre-AI,24,170,139,NS_03,2025-07-10T04:38:34.911Z,2025-07-10T04:42:54.877Z,,,,cxt-master,0.0722127777777777,,,,
Pre-AI,23,170,7,SE_02,2025-07-09T11:21:17.884Z,2025-07-09T11:31:22.052Z,,,,cxt-master,0.1678244444444444,,,,
Pre-AI,22,170,7,SE_02,2025-07-09T08:28:26.116Z,2025-07-09T08:32:56.873Z,,,,cxt-master,0.0752102777777777,,,,
Pre-AI,21,170,7,SE_02,2025-07-09T05:18:49.685Z,2025-07-09T05:20:21.269Z,,,,release/rel-2025-07-01,0.02544,,,,
Pre-AI,20,170,185,gbhatnagar,2025-07-07T22:50:44.047Z,2025-07-07T22:56:23.526Z,,,,cxt-master,0.0942997222222222,,,,
Pre-AI,19,170,4,SE_01,2025-07-07T13:19:21.521Z,2025-07-10T04:27:56.729Z,,,,cxt-master,63.14311333333334,,2025-07-07T16:49:13.615Z,3.4978038888888885,3.0
Pre-AI,18,170,7,SE_02,2025-07-04T15:55:04.017Z,2025-07-08T04:15:42.795Z,,,,cxt-master,84.344105,,,,
Pre-AI,17,170,7,SE_02,2025-07-04T05:03:22.611Z,2025-07-08T04:14:22.139Z,,,,cxt-master,95.18320222222222,,,,
Pre-AI,16,170,185,gbhatnagar,2025-07-03T22:36:15.505Z,2025-07-03T22:43:01.920Z,,,,cxt-master,0.1128930555555555,,,,
Pre-AI,15,170,139,NS_03,2025-07-03T22:28:18.340Z,2025-07-03T22:30:28.718Z,,,,cxt-master,0.0362161111111111,,,,
Pre-AI,14,170,185,gbhatnagar,2025-07-03T22:12:53.309Z,2025-07-03T22:28:43.026Z,,,,cxt-master,0.2638102777777777,,,,
Pre-AI,13,170,185,gbhatnagar,2025-07-02T21:58:41.224Z,2025-07-02T22:04:06.879Z,,,,cxt-master,0.0904597222222222,,,,
Pre-AI,12,170,139,NS_03,2025-07-02T17:35:31.950Z,2025-07-02T17:47:54.013Z,,,,cxt-master,0.2061286111111111,,,,
Pre-AI,11,170,139,NS_03,2025-07-02T17:05:56.964Z,2025-07-02T17:16:42.291Z,,,,cxt-master,0.1792575,,,,
Pre-AI,10,170,7,SE_02,2025-07-01T10:14:01.337Z,2025-07-01T10:32:32.343Z,,,,cxt-master,0.3086127777777778,,,,
Post-AI,484,170,222,SE_05,2026-06-30T16:21:37.001Z,2026-06-30T16:34:59.709Z,,,,cxt-master,0.2229744444444444,,,,
Post-AI,483,170,185,gbhatnagar,2026-06-30T05:56:59.331Z,2026-06-30T06:31:38.685Z,,,,cxt-master,0.5775983333333333,,,,
Post-AI,482,170,222,SE_05,2026-06-29T23:50:10.126Z,2026-06-30T01:38:29.820Z,,,,feature/us-313182-new-user-management,1.805470555555556,,,,
Post-AI,481,170,185,gbhatnagar,2026-06-29T22:53:40.104Z,2026-06-30T01:48:59.435Z,,,,cxt-master,2.922036388888889,,,,
Post-AI,480,170,7,SE_02,2026-06-27T01:01:55.510Z,2026-06-29T02:52:15.040Z,,,,cxt-master,49.83875833333333,,,,
Post-AI,479,170,231,NS_06,2026-06-26T17:46:39.720Z,2026-07-02T20:05:49.377Z,,,,cxt-master,146.31934916666663,,2026-06-30T14:49:16.408Z,93.04352444444446,2.0
Post-AI,478,170,209,NS_04,2026-06-26T17:14:11.808Z,2026-06-30T15:37:44.072Z,,,,cxt-master,94.39229555555556,,2026-06-26T17:19:44.121Z,0.0923091666666666,3.0
Post-AI,477,170,231,NS_06,2026-06-26T16:02:20.891Z,2026-07-02T15:46:19.289Z,,,,cxt-master,143.73288833333334,,2026-06-30T14:49:15.503Z,94.78183666666668,2.0
Post-AI,476,170,12,SE_04,2026-06-26T11:06:56.133Z,2026-06-26T12:07:28.279Z,,,,cxt-master,1.0089294444444443,,,,
Post-AI,475,170,7,SE_02,2026-06-26T11:04:08.986Z,2026-06-30T05:29:55.155Z,,,,cxt-master,90.42949138888888,,2026-06-26T17:18:13.457Z,6.234575277777778,2.0
Post-AI,473,170,222,SE_05,2026-06-25T20:55:09.884Z,2026-06-25T21:30:25.121Z,,,,cxt-master,0.5875658333333333,,,,
Post-AI,472,170,12,SE_04,2026-06-25T10:09:39.406Z,2026-06-25T10:55:58.195Z,,,,cxt-master,0.7718858333333334,,,,
Post-AI,470,170,222,SE_05,2026-06-24T21:22:47.212Z,2026-06-24T21:39:09.458Z,,,,cxt-master,0.2728461111111111,,,,
Post-AI,469,170,185,gbhatnagar,2026-06-24T15:38:46.715Z,2026-06-24T16:21:15.930Z,,,,cxt-master,0.7081152777777778,,,,
Post-AI,468,170,7,SE_02,2026-06-24T09:59:52.299Z,2026-06-24T15:35:03.814Z,,,,cxt-master,5.586531944444444,,,,
Post-AI,467,170,4,SE_01,2026-06-24T09:20:35.200Z,2026-06-24T09:35:03.625Z,,,,cxt-master,0.2412291666666666,,,,
Post-AI,466,170,12,SE_04,2026-06-24T07:02:54.967Z,2026-06-24T07:12:58.881Z,,,,cxt-master,0.1677538888888889,,,,
Post-AI,465,170,209,NS_04,2026-06-23T18:50:19.603Z,2026-06-23T19:46:48.499Z,,,,cxt-master,0.94136,,,,
Post-AI,464,170,185,gbhatnagar,2026-06-23T16:53:04.148Z,2026-06-23T17:10:53.095Z,,,,cxt-master,0.2969297222222222,,,,
Post-AI,463,170,47,NS_01,2026-06-23T09:30:56.231Z,2026-06-23T10:39:38.168Z,,,,cxt-master,1.1449825,,,,
Post-AI,462,170,12,SE_04,2026-06-23T05:23:45.707Z,2026-06-23T06:52:03.672Z,,,,cxt-master,1.4716569444444445,,,,
Post-AI,461,170,11,SE_03,2026-06-22T21:11:13.045Z,2026-06-22T21:25:43.929Z,,,,cxt-master,0.2419122222222222,,,,
Post-AI,460,170,209,NS_04,2026-06-22T20:44:57.301Z,2026-06-24T16:24:22.648Z,,,,cxt-master,43.65704083333333,,2026-06-22T20:46:37.862Z,0.0279336111111111,1.0
Post-AI,459,170,12,SE_04,2026-06-22T09:29:40.866Z,2026-06-22T10:55:56.017Z,,,,cxt-master,1.4375419444444444,,,,
Post-AI,458,170,7,SE_02,2026-06-22T07:08:09.236Z,2026-06-22T08:44:17.982Z,,,,cxt-master,1.6024294444444445,,,,
Post-AI,457,170,11,SE_03,2026-06-19T13:26:38.260Z,2026-06-19T18:01:01.739Z,,,,cxt-master,4.573188611111111,,,,
Post-AI,456,170,4,SE_01,2026-06-19T13:24:59.115Z,2026-06-19T14:09:15.399Z,,,,cxt-master,0.7378566666666667,,,,
Post-AI,454,170,12,SE_04,2026-06-19T09:27:37.660Z,2026-06-19T09:41:33.609Z,,,,cxt-master,0.2322080555555555,,,,
Post-AI,453,170,7,SE_02,2026-06-19T05:42:53.900Z,2026-06-19T06:23:33.870Z,,,,cxt-master,0.6777694444444444,,,,
Post-AI,451,170,11,SE_03,2026-06-18T23:14:56.301Z,2026-06-19T18:29:55.731Z,,,,cxt-master,19.249841666666665,,,,
Post-AI,450,170,11,SE_03,2026-06-18T19:44:46.306Z,2026-06-18T20:06:02.347Z,,,,cxt-master,0.3544558333333333,,,,
Post-AI,449,170,11,SE_03,2026-06-18T17:37:26.431Z,2026-06-18T18:38:20.813Z,,,,cxt-master,1.015106111111111,,,,
Post-AI,448,170,12,SE_04,2026-06-18T16:01:52.701Z,2026-06-18T17:19:03.587Z,,,,cxt-master,1.2863572222222224,,2026-06-18T16:24:36.458Z,0.3788213888888889,3.0
Post-AI,447,170,222,SE_05,2026-06-17T20:13:11.624Z,2026-06-17T20:46:43.884Z,,,,cxt-master,0.5589611111111111,,,,
Post-AI,446,170,11,SE_03,2026-06-17T19:51:39.068Z,2026-06-17T20:09:16.132Z,,,,cxt-master,0.2936288888888889,,,,
Post-AI,439,170,12,SE_04,2026-06-17T11:38:16.581Z,2026-06-17T13:45:10.441Z,,,,cxt-master,2.114961111111111,,,,
Post-AI,438,170,7,SE_02,2026-06-17T05:09:48.575Z,2026-06-17T05:33:46.520Z,,,,cxt-master,0.3994291666666666,,,,
Post-AI,437,170,231,NS_06,2026-06-16T20:37:22.571Z,2026-06-17T21:16:07.907Z,,,,cxt-master,24.645926666666664,,,,
Post-AI,436,170,47,NS_01,2026-06-16T10:40:41.287Z,2026-06-19T14:16:52.994Z,,,,cxt-master,75.60325194444444,,2026-06-18T17:17:58.706Z,54.62150527777778,2.0
Post-AI,435,170,7,SE_02,2026-06-16T10:27:24.092Z,2026-06-17T08:57:16.945Z,,,,cxt-master,22.498014722222223,,,,
Post-AI,434,170,7,SE_02,2026-06-16T09:15:15.025Z,2026-06-17T15:07:43.570Z,,,,cxt-master,29.87459583333333,,2026-06-16T20:19:57.305Z,11.07841111111111,2.0
Post-AI,432,170,11,SE_03,2026-06-15T19:50:40.373Z,2026-06-15T20:06:26.843Z,,,,cxt-master,0.2629083333333333,,,,
Post-AI,431,170,11,SE_03,2026-06-15T17:56:37.242Z,2026-06-15T19:52:33.498Z,,,,cxt-master,1.9322933333333332,,2026-06-15T18:08:28.892Z,0.1976805555555555,2.0
Post-AI,430,170,11,SE_03,2026-06-15T17:09:52.776Z,2026-06-15T17:23:14.943Z,,,,cxt-master,0.2228241666666666,,,,
Post-AI,429,170,4,SE_01,2026-06-15T11:00:30.281Z,2026-06-15T15:25:46.416Z,,,,cxt-master,4.421148611111112,,,,
Post-AI,428,170,7,SE_02,2026-06-15T08:41:04.559Z,2026-06-15T08:49:52.157Z,,,,cxt-master,0.146555,,,,
Post-AI,427,170,4,SE_01,2026-06-15T05:52:04.834Z,2026-06-15T09:02:28.693Z,,,,cxt-master,3.173294166666667,,,,
Post-AI,426,170,222,SE_05,2026-06-12T23:57:04.157Z,2026-06-13T00:01:25.127Z,,,,cxt-master,0.0724916666666666,,,,
Post-AI,425,170,11,SE_03,2026-06-12T21:24:13.079Z,2026-06-12T21:27:20.676Z,,,,cxt-master,0.0521102777777777,,,,
Post-AI,423,170,11,SE_03,2026-06-12T17:48:40.508Z,2026-06-12T18:20:23.326Z,,,,cxt-master,0.5285605555555556,,,,
Post-AI,422,170,222,SE_05,2026-06-12T17:39:27.925Z,2026-06-12T17:52:06.452Z,,,,cxt-master,0.2107019444444444,,,,
Post-AI,421,170,11,SE_03,2026-06-12T16:35:22.029Z,2026-06-12T17:38:25.074Z,,,,cxt-master,1.0508458333333333,,,,
Post-AI,419,170,7,SE_02,2026-06-12T05:37:02.627Z,2026-06-12T06:06:23.966Z,,,,cxt-master,0.4892608333333333,,,,
Post-AI,418,170,11,SE_03,2026-06-11T22:43:39.499Z,2026-06-12T16:22:15.557Z,,,,cxt-master,17.643349444444443,,,,
Post-AI,417,170,11,SE_03,2026-06-11T20:44:03.838Z,2026-06-11T21:02:47.299Z,,,,cxt-master,0.3120725,,,,
Post-AI,416,170,231,NS_06,2026-06-11T20:20:46.789Z,2026-06-16T19:21:29.248Z,,,,cxt-master,119.01179416666666,,2026-06-11T21:13:13.657Z,0.87413,5.0
Post-AI,415,170,11,SE_03,2026-06-11T17:19:49.585Z,2026-06-11T20:29:23.781Z,,,,cxt-master,3.159498888888889,,2026-06-11T20:12:04.973Z,2.870941111111111,2.0
Post-AI,414,170,4,SE_01,2026-06-11T09:33:33.642Z,2026-06-11T09:47:47.837Z,,,,cxt-master,0.2372763888888889,,,,
Post-AI,413,170,7,SE_02,2026-06-11T09:29:13.086Z,2026-06-12T15:39:04.492Z,,,,cxt-master,30.16427944444445,,2026-06-11T21:17:03.407Z,11.79731138888889,3.0
Post-AI,412,170,4,SE_01,2026-06-11T09:23:24.202Z,2026-06-11T09:52:30.198Z,,,,cxt-master,0.4849988888888889,,,,
Post-AI,411,170,7,SE_02,2026-06-11T09:11:03.079Z,2026-06-12T04:20:41.281Z,,,,cxt-master,19.160611666666668,,2026-06-11T21:09:42.964Z,11.977745833333334,2.0
Post-AI,410,170,185,gbhatnagar,2026-06-11T08:47:43.213Z,2026-06-11T16:05:46.868Z,,,,cxt-master,7.301015277777777,,,,
Post-AI,409,170,222,SE_05,2026-06-10T21:51:30.892Z,2026-06-10T21:53:16.203Z,,,,cxt-master,0.0292530555555555,,,,
Post-AI,408,170,11,SE_03,2026-06-10T18:40:08.364Z,2026-06-10T19:00:16.338Z,,,,cxt-master,0.3355483333333333,,,,
Post-AI,406,170,12,SE_04,2026-06-10T10:45:34.652Z,2026-06-11T07:03:14.697Z,,,,cxt-master,20.294456944444445,,,,
Post-AI,405,170,7,SE_02,2026-06-10T05:55:31.470Z,2026-06-10T06:09:36.916Z,,,,cxt-master,0.2348461111111111,,,,
Post-AI,402,170,4,SE_01,2026-06-09T15:35:43.294Z,2026-06-10T03:15:14.365Z,,,,cxt-master,11.658630833333332,,,,
Post-AI,401,170,7,SE_02,2026-06-09T10:23:45.672Z,2026-06-10T03:21:18.140Z,,,,cxt-master,16.959018888888888,,,,
Post-AI,400,170,7,SE_02,2026-06-09T04:48:16.964Z,2026-06-09T05:26:24.859Z,,,,cxt-master,0.6355263888888889,,,,
Post-AI,399,170,222,SE_05,2026-06-09T03:02:16.846Z,2026-06-09T03:11:00.484Z,,,,cxt-master,0.145455,,,,
Post-AI,398,170,11,SE_03,2026-06-08T16:57:36.180Z,2026-06-08T17:37:22.295Z,,,,cxt-master,0.6628097222222221,,,,
Post-AI,397,170,47,NS_01,2026-06-08T10:05:14.176Z,2026-06-09T04:58:25.493Z,,,,cxt-master,18.886476944444443,,2026-06-08T10:08:06.672Z,0.0479155555555555,3.0
Post-AI,396,170,185,gbhatnagar,2026-06-08T07:49:24.969Z,2026-06-08T16:28:26.990Z,,,,cxt-master,8.650561388888889,,,,
Post-AI,395,170,185,gbhatnagar,2026-06-08T07:37:32.309Z,2026-06-08T16:28:02.751Z,,,,cxt-master,8.841789444444444,,,,
Post-AI,394,170,185,gbhatnagar,2026-06-08T07:16:57.434Z,2026-06-08T16:27:44.297Z,,,,cxt-master,9.179684166666666,,,,
Post-AI,393,170,4,SE_01,2026-06-08T07:01:03.145Z,2026-06-09T05:32:26.292Z,,,,cxt-master,22.523096388888888,,,,
Post-AI,392,170,185,gbhatnagar,2026-06-08T06:58:53.752Z,2026-06-08T11:46:26.482Z,,,,cxt-master,4.792425,,,,
Post-AI,391,170,222,SE_05,2026-06-07T05:40:16.410Z,2026-06-07T05:41:42.815Z,,,,cxt-master,0.0240013888888888,,,,
Post-AI,390,170,222,SE_05,2026-06-07T05:19:12.259Z,2026-06-07T05:21:27.243Z,,,,cxt-master,0.0374955555555555,,,,
Post-AI,389,170,222,SE_05,2026-06-07T00:49:47.873Z,2026-06-08T16:54:15.915Z,,,,cxt-master,40.074456111111104,,,,
Post-AI,388,170,185,gbhatnagar,2026-06-06T05:51:35.400Z,2026-06-07T04:24:47.658Z,,,,cxt-master,22.553405,,,,
Post-AI,387,170,185,gbhatnagar,2026-06-06T05:32:16.088Z,2026-06-07T02:13:49.484Z,,,,cxt-master,20.69261,,,,
Post-AI,386,170,11,SE_03,2026-06-05T21:57:01.991Z,2026-06-06T20:09:45.808Z,,,,cxt-master,22.212171388888887,,,,
Post-AI,385,170,222,SE_05,2026-06-05T21:49:21.605Z,2026-06-05T22:14:53.890Z,,,,cxt-master,0.4256347222222222,,,,
Post-AI,384,170,231,NS_06,2026-06-05T17:06:58.172Z,2026-06-09T20:33:00.272Z,,,,cxt-master,99.43391666666666,,2026-06-05T21:14:44.513Z,4.1295391666666665,2.0
Post-AI,383,170,11,SE_03,2026-06-05T15:32:12.151Z,2026-06-05T20:07:44.415Z,,,,cxt-master,4.592295555555555,,,,
Post-AI,382,170,12,SE_04,2026-06-05T14:49:32.518Z,2026-06-06T20:12:34.889Z,,,,cxt-master,29.383991944444443,,,,
Post-AI,381,170,7,SE_02,2026-06-05T13:53:11.378Z,2026-06-06T20:14:47.285Z,,,,cxt-master,30.359974166666667,,,,
Post-AI,380,170,12,SE_04,2026-06-05T11:38:42.735Z,2026-06-05T23:39:09.424Z,,,,cxt-master,12.00741361111111,,,,
Post-AI,377,170,185,gbhatnagar,2026-06-05T04:37:53.324Z,2026-06-05T04:40:13.658Z,,,,cxt-master,0.0389816666666666,,,,
Post-AI,376,170,231,NS_06,2026-06-04T21:18:00.226Z,2026-06-05T18:14:50.651Z,,,,cxt-master,20.94734027777778,,,,
Post-AI,374,170,185,gbhatnagar,2026-06-04T07:38:37.539Z,2026-06-04T16:00:36.038Z,,,,cxt-master,8.366249722222221,,2026-06-04T09:19:57.778Z,1.6889552777777777,3.0
Post-AI,373,170,7,SE_02,2026-06-04T04:11:26.344Z,2026-06-04T05:13:50.919Z,,,,cxt-master,1.040159722222222,,,,
Post-AI,372,170,11,SE_03,2026-06-03T21:56:04.143Z,2026-06-08T23:53:30.641Z,,,,cxt-master,121.95736055555555,,2026-06-04T11:38:22.051Z,13.704974444444446,3.0
Post-AI,371,170,11,SE_03,2026-06-03T16:36:08.602Z,2026-06-03T20:01:32.417Z,,,,cxt-master,3.4232819444444447,,,,
Post-AI,370,170,12,SE_04,2026-06-03T09:11:52.232Z,2026-06-04T10:23:50.760Z,,,,cxt-master,25.19959111111111,,,,
Post-AI,369,170,222,SE_05,2026-06-03T00:06:02.114Z,2026-06-03T00:13:34.037Z,,,,cxt-master,0.1255341666666666,,,,
Post-AI,368,170,11,SE_03,2026-06-02T21:44:00.694Z,2026-06-02T21:56:07.365Z,,,,cxt-master,0.2018530555555555,,,,
Post-AI,367,170,4,SE_01,2026-06-02T18:02:27.050Z,2026-06-03T17:04:27.346Z,,,,cxt-master,23.03341555555556,,2026-06-03T16:05:50.386Z,22.056482222222225,2.0
Post-AI,366,170,11,SE_03,2026-06-02T16:11:16.159Z,2026-06-02T17:44:13.565Z,,,,cxt-master,1.5492794444444444,,,,
Post-AI,365,170,185,gbhatnagar,2026-06-02T02:35:30.008Z,2026-06-02T07:02:28.325Z,,,,cxt-master,4.4495325,,,,
Post-AI,364,170,185,gbhatnagar,2026-06-02T00:38:46.444Z,2026-06-02T15:33:16.836Z,,,,cxt-master,14.908442222222222,,2026-06-02T06:48:41.694Z,6.165347222222223,2.0
Post-AI,363,170,222,SE_05,2026-06-01T21:07:39.789Z,2026-06-01T21:13:21.332Z,,,,cxt-master,0.0948730555555555,,,,
Post-AI,362,170,185,gbhatnagar,2026-06-01T20:40:52.103Z,2026-06-01T20:46:38.240Z,,,,cxt-master,0.0961491666666666,,,,
Post-AI,361,170,231,NS_06,2026-06-01T17:06:03.106Z,2026-06-04T13:32:18.487Z,,,,cxt-master,68.43760583333334,,2026-06-01T18:03:45.831Z,0.9618680555555555,2.0
Post-AI,360,170,4,SE_01,2026-06-01T09:08:30.881Z,2026-06-02T05:58:32.711Z,,,,cxt-master,20.833841666666668,,,,
Post-AI,359,170,7,SE_02,2026-06-01T05:54:22.307Z,2026-06-01T06:12:30.883Z,,,,cxt-master,0.3023822222222222,,,,
Post-AI,358,170,11,SE_03,2026-05-29T21:27:37.628Z,2026-06-02T15:39:14.409Z,,,,cxt-master,90.1935502777778,,2026-05-29T21:50:28.799Z,0.3808808333333333,3.0
Post-AI,357,170,222,SE_05,2026-05-29T19:29:12.471Z,2026-05-29T19:49:15.185Z,,,,cxt-master,0.3340872222222222,,,,
Post-AI,356,170,7,SE_02,2026-05-29T08:59:58.580Z,2026-06-01T04:10:13.014Z,,,,cxt-master,67.1706761111111,,,,
Post-AI,355,170,4,SE_01,2026-05-29T08:56:06.768Z,2026-05-29T16:12:53.118Z,,,,cxt-master,7.279541666666666,,,,
Post-AI,354,170,7,SE_02,2026-05-29T07:18:38.586Z,2026-05-29T07:40:48.688Z,,,,cxt-master,0.3694727777777778,,,,
Post-AI,352,170,231,NS_06,2026-05-28T17:25:41.085Z,2026-06-02T18:06:05.498Z,,,,cxt-master,120.67344805555555,,2026-05-28T20:04:08.258Z,2.640881388888889,3.0
Post-AI,350,170,4,SE_01,2026-05-26T10:46:37.211Z,2026-05-27T17:31:57.482Z,,,,cxt-master,30.75563083333333,,2026-05-26T16:50:24.860Z,6.063235833333334,3.0
Post-AI,349,170,222,SE_05,2026-05-25T20:03:26.652Z,2026-05-26T14:00:07.906Z,,,,cxt-master,17.944792777777778,,,,
Post-AI,348,170,185,gbhatnagar,2026-05-23T02:18:50.988Z,2026-05-26T15:55:00.909Z,,,,cxt-master,85.60275583333332,,,,
Post-AI,347,170,7,SE_02,2026-05-22T04:22:47.013Z,2026-05-22T09:39:23.215Z,,,,cxt-master,5.276722777777778,,,,
Post-AI,346,170,222,SE_05,2026-05-21T22:59:12.346Z,2026-05-22T19:16:44.416Z,,,,cxt-master,20.29224166666667,,2026-05-21T23:19:55.271Z,0.3452569444444444,2.0
Post-AI,345,170,231,NS_06,2026-05-21T15:10:57.492Z,2026-06-01T16:32:15.122Z,,,,cxt-master,265.35489722222223,,2026-05-21T18:01:43.774Z,2.846189444444444,1.0
Post-AI,344,170,7,SE_02,2026-05-21T09:21:26.181Z,2026-05-22T04:58:37.694Z,,,,cxt-master,19.619864722222225,,2026-05-21T18:07:07.803Z,8.761561666666667,3.0
Post-AI,343,170,7,SE_02,2026-05-21T08:29:40.667Z,2026-05-21T08:47:22.765Z,,,,cxt-master,0.2950272222222222,,,,
Post-AI,341,170,7,SE_02,2026-05-20T10:02:15.599Z,2026-05-21T07:17:32.884Z,,,,cxt-master,21.25480138888889,,,,
Post-AI,340,170,185,gbhatnagar,2026-05-19T03:12:09.452Z,2026-05-20T02:42:36.520Z,,,,cxt-master,23.50751888888889,,,,
Post-AI,339,170,185,gbhatnagar,2026-05-18T17:05:24.387Z,2026-05-18T18:34:22.273Z,,,,cxt-master,1.482746111111111,,,,
Post-AI,338,170,222,SE_05,2026-05-15T23:41:00.238Z,2026-05-15T23:53:21.871Z,,,,cxt-master,0.2060091666666667,,,,
Post-AI,337,170,231,NS_06,2026-05-15T17:41:54.822Z,2026-05-19T14:47:13.980Z,,,,cxt-master,93.088655,,,,
Post-AI,336,170,7,SE_02,2026-05-15T09:55:26.483Z,2026-05-18T04:39:14.701Z,,,,cxt-master,66.73006055555555,,,,
Post-AI,335,170,185,gbhatnagar,2026-05-15T05:43:31.327Z,2026-05-15T05:59:57.287Z,,,,cxt-master,0.2738777777777778,,,,
Post-AI,334,170,7,SE_02,2026-05-14T03:39:59.278Z,2026-05-14T08:43:21.657Z,,,,cxt-master,5.056216388888889,,,,
Post-AI,333,170,185,gbhatnagar,2026-05-14T00:29:16.991Z,2026-05-14T20:07:58.873Z,,,,cxt-master,19.64496722222222,,,,
Post-AI,332,170,222,SE_05,2026-05-13T22:37:25.667Z,2026-05-13T22:41:36.290Z,,,,cxt-master,0.0696175,,,,
Post-AI,331,170,11,SE_03,2026-05-13T13:07:25.835Z,2026-05-13T21:00:40.857Z,,,,cxt-master,7.887506111111111,,,,
Post-AI,330,170,185,gbhatnagar,2026-05-13T03:00:09.481Z,2026-05-13T05:11:50.494Z,,,,cxt-master,2.194725833333333,,2026-05-13T04:20:04.538Z,1.3319602777777777,2.0
Post-AI,329,170,12,SE_04,2026-05-12T09:11:04.803Z,2026-06-06T20:12:34.918Z,,,,cxt-master,611.0250319444445,,2026-05-13T10:48:55.612Z,25.630780277777777,3.0
Post-AI,328,170,185,gbhatnagar,2026-05-12T02:33:27.501Z,2026-05-12T05:24:32.234Z,,,,cxt-master,2.8513147222222224,,2026-05-12T04:30:25.192Z,1.949358611111111,1.0
Post-AI,327,170,7,SE_02,2026-05-11T13:50:04.892Z,2026-05-12T02:52:39.181Z,,,,cxt-master,13.042858055555556,,,,
Post-AI,325,170,185,gbhatnagar,2026-05-09T05:28:45.680Z,2026-05-11T19:08:33.506Z,,,,cxt-master,61.663285,,,,
Post-AI,324,170,222,SE_05,2026-05-08T21:52:34.644Z,2026-05-11T02:24:15.434Z,,,,cxt-master,52.52799722222223,,,,
Post-AI,323,170,222,SE_05,2026-05-08T18:36:48.935Z,2026-05-08T19:05:33.279Z,,,,cxt-master,0.4789844444444444,,,,
Post-AI,322,170,11,SE_03,2026-05-08T15:50:56.937Z,2026-05-11T12:42:19.440Z,,,,cxt-master,68.85625083333333,,,,
Post-AI,321,170,11,SE_03,2026-05-07T17:45:08.858Z,2026-05-07T18:49:56.973Z,,,,cxt-master,1.0800319444444444,,,,
Post-AI,320,170,7,SE_02,2026-05-07T08:16:36.126Z,2026-05-07T08:49:14.853Z,,,,cxt-master,0.5440908333333334,,,,
Post-AI,319,170,7,SE_02,2026-05-07T06:14:00.324Z,2026-05-07T07:20:20.592Z,,,,cxt-master,1.10563,,,,
Post-AI,318,170,7,SE_02,2026-05-07T04:28:38.014Z,2026-05-07T06:58:36.168Z,,,,cxt-master,2.499487222222222,,,,
Post-AI,317,170,185,gbhatnagar,2026-05-06T18:12:56.059Z,2026-05-06T18:14:48.319Z,,,,cxt-master,0.0311833333333333,,,,
Post-AI,316,170,4,SE_01,2026-05-06T16:26:28.205Z,2026-05-12T05:15:06.978Z,,,,cxt-master,132.81077027777778,,2026-05-06T19:00:48.605Z,2.5723333333333334,4.0
Post-AI,315,170,7,SE_02,2026-05-06T09:27:32.765Z,2026-05-07T02:56:31.940Z,,,,cxt-master,17.483104166666667,,,,
Post-AI,314,170,222,SE_05,2026-05-05T21:05:25.235Z,2026-05-06T13:41:40.766Z,,,,cxt-master,16.60431416666667,,,,
Post-AI,313,170,7,SE_02,2026-05-05T10:20:34.905Z,2026-05-06T06:17:15.345Z,,,,cxt-master,19.944566666666667,,,,
Post-AI,312,170,7,SE_02,2026-05-04T06:20:21.024Z,2026-05-05T04:13:54.536Z,,,,cxt-master,21.89264222222222,,2026-05-04T17:02:49.944Z,10.708033333333333,2.0
Post-AI,311,170,7,SE_02,2026-05-04T04:54:43.341Z,2026-05-05T06:11:52.623Z,,,,cxt-master,25.285911666666667,,,,
Post-AI,310,170,185,gbhatnagar,2026-05-02T04:56:11.336Z,2026-05-06T16:13:01.238Z,,,,cxt-master,107.28052833333334,,,,
Post-AI,309,170,11,SE_03,2026-05-01T19:31:33.315Z,2026-05-05T17:48:52.683Z,,,,cxt-master,94.28871333333332,,2026-05-05T16:12:34.223Z,92.68358555555557,2.0
Post-AI,308,170,222,SE_05,2026-04-30T21:16:45.587Z,2026-04-30T21:34:27.218Z,,,,cxt-master,0.2948975,,,,
Post-AI,307,170,7,SE_02,2026-04-30T06:20:48.672Z,2026-04-30T06:24:07.009Z,,,,cxt-master,0.0550936111111111,,,,
Post-AI,306,170,11,SE_03,2026-04-29T21:38:39.163Z,2026-04-30T16:08:41.613Z,,,,cxt-master,18.500680555555554,,2026-04-30T12:47:33.603Z,15.148455555555556,2.0
Post-AI,305,170,11,SE_03,2026-04-29T19:39:08.635Z,2026-04-30T11:38:08.448Z,,,,cxt-master,15.983281388888887,,2026-04-29T19:41:17.818Z,0.0358841666666666,1.0
Post-AI,304,170,4,SE_01,2026-04-29T08:53:22.967Z,2026-04-29T11:20:12.630Z,,,,cxt-master,2.4471286111111112,,,,
Post-AI,303,170,185,gbhatnagar,2026-04-28T23:27:57.164Z,2026-04-29T03:27:10.628Z,,,,cxt-master,3.9870733333333335,,2026-04-29T01:09:34.174Z,1.693613888888889,2.0
Post-AI,302,170,222,SE_05,2026-04-28T18:35:41.440Z,2026-04-29T18:04:55.032Z,,,,cxt-master,23.48710888888889,,2026-04-28T19:43:12.954Z,1.1254205555555556,2.0
Post-AI,301,170,11,SE_03,2026-04-27T23:01:34.928Z,2026-04-29T15:26:38.472Z,,,,cxt-master,40.41765111111111,,2026-04-28T16:53:50.561Z,17.871009166666667,4.0
Post-AI,300,170,12,SE_04,2026-04-27T16:50:34.112Z,2026-06-01T14:33:56.651Z,,,,cxt-master,837.7229275,,2026-04-27T19:20:16.685Z,2.495159166666667,5.0
Post-AI,299,170,7,SE_02,2026-04-27T06:32:13.084Z,2026-04-27T08:55:48.666Z,,,,cxt-master,2.3932172222222223,,,,
Post-AI,298,170,4,SE_01,2026-04-24T13:48:58.761Z,2026-04-27T04:39:06.323Z,,,,cxt-master,62.83543388888889,,,,
Post-AI,297,170,7,SE_02,2026-04-24T04:57:11.965Z,2026-04-27T06:12:17.026Z,,,,cxt-master,73.25140583333334,,2026-04-27T05:09:11.064Z,72.19974972222222,2.0
Post-AI,296,170,11,SE_03,2026-04-22T21:12:58.210Z,2026-04-23T18:50:12.045Z,,,,cxt-master,21.620509722222224,,2026-04-22T21:18:21.342Z,0.0897588888888888,4.0
Post-AI,295,170,7,SE_02,2026-04-21T06:28:32.925Z,2026-04-21T06:56:07.109Z,,,,cxt-master,0.4594955555555555,,,,
Post-AI,294,170,7,SE_02,2026-04-21T05:50:47.519Z,2026-04-22T05:09:36.190Z,,,,cxt-master,23.313519722222225,,2026-04-22T01:07:46.619Z,19.28308333333333,2.0
Post-AI,293,170,185,gbhatnagar,2026-04-20T23:15:44.996Z,2026-04-21T03:17:34.153Z,,,,cxt-master,4.030321388888889,,2026-04-20T23:58:02.826Z,0.7049527777777778,2.0
Post-AI,292,170,220,NS_05,2026-04-20T18:22:11.852Z,2026-04-20T18:27:44.771Z,,,,cxt-master,0.0924774999999999,,,,
Post-AI,289,170,4,SE_01,2026-04-20T11:32:05.205Z,2026-04-22T04:16:21.273Z,,,,cxt-master,40.73779666666667,,2026-04-20T23:36:23.638Z,12.071786944444444,2.0
Post-AI,288,170,185,gbhatnagar,2026-04-17T04:33:36.596Z,2026-04-17T05:15:42.743Z,,,,cxt-master,0.7017074999999999,,,,
Post-AI,287,170,11,SE_03,2026-04-16T19:58:44.380Z,2026-04-20T16:15:06.445Z,,,,cxt-master,92.27279583333332,,,,
Post-AI,286,170,7,SE_02,2026-04-16T05:11:32.973Z,2026-04-16T06:59:14.329Z,,,,cxt-master,1.794821111111111,,2026-04-16T06:27:28.069Z,1.2653044444444443,2.0
Post-AI,285,170,185,gbhatnagar,2026-04-15T23:24:28.498Z,2026-04-16T19:18:56.035Z,,,,cxt-master,19.907649166666666,,,,
Post-AI,284,170,4,SE_01,2026-04-15T12:45:38.936Z,2026-04-16T04:11:00.991Z,,,,cxt-master,15.422793055555555,,,,
Post-AI,282,170,11,SE_03,2026-04-14T18:18:29.104Z,2026-04-15T21:08:58.166Z,,,,cxt-master,26.841406111111112,,,,
Post-AI,281,170,185,gbhatnagar,2026-04-14T16:30:49.773Z,2026-04-14T17:56:42.069Z,,,,cxt-master,1.431193333333333,,,,
Post-AI,280,170,12,SE_04,2026-04-14T14:17:09.122Z,2026-04-21T09:25:39.555Z,,,,cxt-master,163.14178694444445,,2026-04-15T20:43:29.464Z,30.43898388888889,3.0
Post-AI,279,170,7,SE_02,2026-04-14T11:15:27.456Z,2026-04-15T04:18:19.543Z,,,,cxt-master,17.047801944444444,,,,
Post-AI,278,170,222,SE_05,2026-04-14T01:09:44.668Z,2026-04-14T14:29:59.870Z,,,,cxt-master,13.33755611111111,,,,
Post-AI,276,170,7,SE_02,2026-04-13T06:43:18.989Z,2026-04-13T08:38:45.085Z,,,,cxt-master,1.9239155555555556,,,,
Post-AI,275,170,222,SE_05,2026-04-13T01:55:07.749Z,2026-04-13T16:27:02.834Z,,,,cxt-master,14.531968055555556,,2026-04-13T14:45:35.351Z,12.841000555555556,2.0
Post-AI,274,170,11,SE_03,2026-04-10T21:19:55.954Z,2026-04-13T19:50:57.070Z,,,,cxt-master,70.51697666666666,,2026-04-13T01:58:33.050Z,52.643637777777776,2.0
Post-AI,271,170,185,gbhatnagar,2026-04-09T22:40:18.151Z,2026-04-10T03:54:21.156Z,,,,cxt-master,5.234168055555556,,,,
Post-AI,270,170,222,SE_05,2026-04-09T04:51:54.490Z,2026-04-09T19:14:07.295Z,,,,cxt-master,14.370223611111111,,2026-04-09T04:59:37.404Z,0.1285872222222222,2.0
Post-AI,265,170,7,SE_02,2026-04-07T04:27:15.919Z,2026-04-08T06:18:37.792Z,,,,cxt-master,25.856075833333332,,2026-04-07T21:58:14.218Z,17.516194166666665,2.0
Post-AI,264,170,4,SE_01,2026-04-06T10:54:42.634Z,2026-04-07T04:25:07.933Z,,,,cxt-master,17.5070275,,2026-04-06T16:16:44.647Z,5.367225833333333,3.0
Post-AI,263,170,185,gbhatnagar,2026-04-03T18:00:31.365Z,2026-04-06T18:53:22.428Z,,,,cxt-master,72.88085083333334,,2026-04-06T16:23:28.208Z,70.38245638888888,2.0
Post-AI,262,170,220,NS_05,2026-04-02T18:37:54.288Z,2026-04-10T18:40:04.839Z,,,,cxt-master,192.03626416666663,,2026-04-06T16:31:37.303Z,93.89528194444443,3.0
Post-AI,261,170,11,SE_03,2026-04-02T17:47:23.666Z,2026-04-09T19:23:56.207Z,,,,cxt-master,169.60903916666666,,2026-04-06T23:14:40.488Z,101.45467277777776,3.0
Post-AI,260,170,222,SE_05,2026-04-01T22:26:31.152Z,2026-04-01T22:46:04.556Z,,,,cxt-master,0.3259455555555555,,2026-04-01T22:45:30.483Z,0.3164808333333333,1.0
Post-AI,259,170,222,SE_05,2026-03-30T19:44:23.109Z,2026-03-31T04:00:27.687Z,,,,cxt-master,8.267938333333333,,,,
Post-AI,258,170,12,SE_04,2026-03-30T15:35:58.509Z,2026-03-31T02:52:58.231Z,,,,cxt-master,11.283256111111111,,,,
Post-AI,257,170,11,SE_03,2026-03-27T20:10:20.662Z,2026-04-02T15:01:18.973Z,,,,cxt-master,138.84953083333332,,2026-03-27T21:44:14.072Z,1.564836111111111,5.0
Post-AI,256,170,220,NS_05,2026-03-27T16:16:20.896Z,2026-03-30T13:09:08.436Z,,,,cxt-master,68.87987222222222,,2026-03-27T23:05:58.192Z,6.827026666666666,2.0
Post-AI,255,170,7,SE_02,2026-03-27T13:17:15.850Z,2026-03-31T04:32:42.444Z,,,,cxt-master,87.25738722222222,,2026-03-27T17:27:31.312Z,4.170961666666667,3.0
Post-AI,254,170,4,SE_01,2026-03-27T07:32:28.881Z,2026-03-31T03:01:46.298Z,,,,cxt-master,91.48817138888889,,2026-03-31T00:56:44.106Z,89.40422916666667,2.0
Post-AI,253,170,222,SE_05,2026-03-27T04:40:38.667Z,2026-03-30T16:18:15.149Z,,,,cxt-master,83.62680055555556,,2026-03-27T05:26:10.999Z,0.7589811111111111,4.0
Post-AI,252,170,7,SE_02,2026-03-27T03:44:37.417Z,2026-03-27T04:25:09.098Z,,,,cxt-master,0.6754669444444444,,,,
Post-AI,251,170,4,SE_01,2026-03-26T08:11:00.321Z,2026-03-26T08:44:09.950Z,,,,release/rel-2026-03-01,0.5526747222222222,,,,
Post-AI,249,170,12,SE_04,2026-03-26T05:50:57.923Z,2026-03-27T10:59:05.327Z,,,,cxt-master,29.13539,,2026-03-26T06:15:14.493Z,0.4046027777777777,3.0
Post-AI,248,170,185,gbhatnagar,2026-03-25T20:28:41.717Z,2026-03-26T10:39:07.491Z,,,,cxt-master,14.17382611111111,,,,
Post-AI,247,170,222,SE_05,2026-03-22T04:11:05.960Z,2026-03-25T16:09:01.479Z,,,,cxt-master,83.96542194444443,,2026-03-23T17:17:42.383Z,37.1101175,3.0
Post-AI,246,170,7,SE_02,2026-03-20T06:07:11.365Z,2026-03-24T05:02:08.039Z,,,,cxt-master,94.91574277777778,,2026-03-23T15:51:56.891Z,81.74597944444444,2.0
Post-AI,244,170,185,gbhatnagar,2026-03-19T01:07:48.865Z,2026-03-19T12:45:44.521Z,,,,cxt-master,11.632126666666668,,,,
Post-AI,243,170,4,SE_01,2026-03-18T15:33:05.718Z,2026-03-25T04:02:46.009Z,,,,cxt-master,156.49452527777777,,2026-03-22T04:19:48.113Z,84.77844305555556,2.0
Post-AI,242,170,12,SE_04,2026-03-16T14:57:29.218Z,2026-03-18T04:10:01.252Z,,,,cxt-master,37.20889833333334,,2026-03-16T16:45:16.873Z,1.7965708333333332,2.0
Post-AI,241,170,4,SE_01,2026-03-16T11:02:36.536Z,2026-03-16T16:03:36.789Z,,,,cxt-master,5.016736944444444,,,,
Post-AI,240,170,4,SE_01,2026-03-13T14:30:15.230Z,2026-03-16T09:16:17.709Z,,,,cxt-master,66.76735527777778,,2026-03-16T03:34:29.242Z,61.07055888888888,2.0
Post-AI,239,170,7,SE_02,2026-03-13T14:28:39.337Z,2026-03-13T14:49:00.038Z,,,,cxt-master,0.3390836111111111,,,,
Post-AI,238,170,7,SE_02,2026-03-11T09:01:32.045Z,2026-03-13T09:07:57.110Z,,,,cxt-master,48.1069625,,2026-03-13T06:11:38.609Z,45.168490000000006,2.0
Post-AI,237,170,4,SE_01,2026-03-10T15:58:39.659Z,2026-03-13T04:42:21.595Z,,,,cxt-master,60.728315555555554,,2026-03-12T06:49:21.926Z,38.84507416666666,2.0
Post-AI,236,170,222,SE_05,2026-03-09T04:09:18.390Z,2026-03-11T16:46:56.753Z,,,,cxt-master,60.62732305555556,,2026-03-10T05:28:10.758Z,25.31454666666667,3.0
Post-AI,235,170,7,SE_02,2026-03-06T13:17:09.112Z,2026-03-10T02:50:36.809Z,,,,cxt-master,85.5576936111111,,,,
Post-AI,234,170,4,SE_01,2026-03-05T04:52:16.541Z,2026-03-05T07:17:17.141Z,,,,cxt-master,2.4168333333333334,,,,
Post-AI,233,170,7,SE_02,2026-03-03T07:00:53.169Z,2026-03-10T05:26:38.724Z,,,,cxt-master,166.42932083333335,,2026-03-03T07:10:06.195Z,0.1536183333333333,4.0
Post-AI,232,170,7,SE_02,2026-02-27T11:29:29.936Z,2026-03-03T17:50:52.356Z,,,,cxt-master,102.35622777777778,,2026-03-02T09:06:54.410Z,69.623465,1.0
Post-AI,231,170,12,SE_04,2026-02-27T07:16:21.345Z,2026-02-27T07:19:33.396Z,,,,cxt-master,0.0533475,,,,
Post-AI,230,170,4,SE_01,2026-02-26T09:44:56.079Z,2026-02-26T09:47:50.382Z,,,,otsm-myot-int-hawkeye,0.0484175,,,,
Post-AI,228,170,7,SE_02,2026-02-24T03:04:37.943Z,2026-02-24T03:11:33.158Z,,,,cxt-master,0.1153375,,,,
Post-AI,226,170,222,SE_05,2026-02-19T15:35:10.757Z,2026-02-23T16:03:15.882Z,,,,cxt-master,96.46809027777778,,,,
Post-AI,225,170,7,SE_02,2026-02-19T10:25:43.488Z,2026-02-20T04:32:36.532Z,,,,cxt-master,18.114734444444444,,,,
Post-AI,224,170,7,SE_02,2026-02-18T10:50:12.622Z,2026-02-19T04:06:08.853Z,,,,cxt-master,17.265619722222223,,,,
Post-AI,223,170,222,SE_05,2026-02-17T20:36:39.760Z,2026-02-23T22:53:09.495Z,,,,cxt-master,146.27492638888887,,2026-02-19T09:39:46.193Z,37.05178694444445,2.0
Post-AI,222,170,12,SE_04,2026-02-17T10:07:32.490Z,2026-02-23T05:54:52.379Z,,,,cxt-master,139.78885805555555,,2026-02-17T21:28:02.460Z,11.341658333333331,3.0
Post-AI,221,170,7,SE_02,2026-02-16T09:46:58.845Z,2026-02-18T10:47:03.084Z,,,,cxt-master,49.0011775,,2026-02-17T20:13:53.260Z,34.44844861111111,2.0
Post-AI,219,170,7,SE_02,2026-02-12T07:16:40.451Z,2026-02-12T15:57:49.919Z,,,,release/rel-2026-02-01,8.685963333333333,,,,
Post-AI,218,170,7,SE_02,2026-02-10T02:48:42.430Z,2026-02-10T03:06:34.585Z,,,,release/rel-2026-02-01,0.2978208333333333,,,,
Post-AI,217,170,209,NS_04,2026-02-09T20:57:14.425Z,2026-02-09T21:02:17.993Z,,,,cxt-master,0.0843244444444444,,,,
Post-AI,216,170,209,NS_04,2026-02-09T17:38:42.798Z,2026-02-09T17:54:59.902Z,,,,cxt-master,0.2714177777777778,,,,
Post-AI,215,170,7,SE_02,2026-02-09T05:20:28.057Z,2026-02-09T05:41:34.673Z,,,,cxt-master,0.3518377777777777,,,,
Post-AI,213,170,209,NS_04,2026-02-06T16:37:15.702Z,2026-02-06T22:03:07.340Z,,,,cxt-master,5.431010555555555,,2026-02-06T17:55:34.401Z,1.3051941666666669,3.0
Post-AI,212,170,209,NS_04,2026-02-05T21:03:20.016Z,2026-02-05T22:44:17.993Z,,,,cxt-master,1.6827713888888889,,,,
Post-AI,211,170,222,SE_05,2026-02-05T14:29:07.223Z,2026-02-09T21:11:54.803Z,,,,cxt-master,102.71321666666668,,2026-02-05T20:03:24.583Z,5.571488888888889,2.0
Post-AI,210,170,209,NS_04,2026-02-03T21:10:00.282Z,2026-02-03T21:27:45.351Z,,,,cxt-master,0.2958524999999999,,,,
Post-AI,209,170,209,NS_04,2026-02-03T14:55:27.671Z,2026-04-02T19:33:41.866Z,,,,cxt-master,1396.637276388889,,2026-02-12T09:03:00.750Z,210.1258552777778,3.0
Post-AI,207,170,209,NS_04,2026-02-02T15:31:46.187Z,2026-02-03T14:34:22.600Z,,,,cxt-master,23.043448055555555,,2026-02-02T16:38:11.071Z,1.1069122222222223,4.0
Post-AI,206,170,222,SE_05,2026-01-30T19:36:01.604Z,2026-02-02T07:12:40.601Z,,,,cxt-master,59.6108325,,,,
Post-AI,205,170,209,NS_04,2026-01-30T01:10:47.127Z,2026-02-03T14:33:55.306Z,,,,cxt-master,109.38560527777778,,2026-02-03T06:10:52.870Z,101.00159527777778,2.0
Post-AI,204,170,222,SE_05,2026-01-29T22:13:51.318Z,2026-01-30T03:59:09.045Z,,,,cxt-master,5.754924166666666,,2026-01-30T01:30:24.521Z,3.2758897222222223,2.0
Post-AI,203,170,222,SE_05,2026-01-29T19:44:16.662Z,2026-01-30T02:46:05.051Z,,,,cxt-master,7.030108055555555,,,,
Post-AI,202,170,7,SE_02,2026-01-29T08:53:09.051Z,2026-01-29T09:13:37.312Z,,,,cxt-master,0.3411836111111111,,,,
Post-AI,201,170,222,SE_05,2026-01-28T18:15:09.849Z,2026-01-28T18:42:31.260Z,,,,cxt-master,0.4559475,,2026-01-28T18:31:50.839Z,0.2780527777777777,1.0
Post-AI,200,170,7,SE_02,2026-01-28T14:56:45.573Z,2026-01-29T04:22:41.409Z,,,,cxt-master,13.432176666666669,,,,
Post-AI,199,170,7,SE_02,2026-01-28T10:28:33.039Z,2026-01-28T10:30:52.728Z,,,,cxt-master,0.0388025,,,,
Post-AI,198,170,7,SE_02,2026-01-28T08:59:09.900Z,2026-01-28T10:08:20.400Z,,,,cxt-master,1.1529166666666666,,,,
Post-AI,197,170,222,SE_05,2026-01-27T20:49:27.372Z,2026-01-28T03:14:02.860Z,,,,cxt-master,6.409857777777778,,2026-01-27T20:53:39.043Z,0.0699086111111111,2.0
Post-AI,196,170,222,SE_05,2026-01-27T20:10:46.893Z,2026-01-28T19:13:14.474Z,,,,cxt-master,23.040994722222223,,2026-01-27T21:33:33.180Z,1.3795241666666669,2.0
Post-AI,195,170,222,SE_05,2026-01-26T20:48:46.403Z,2026-01-26T21:45:13.506Z,,,,cxt-master,0.9408619444444444,,,,
Post-AI,194,170,209,NS_04,2026-01-23T20:52:51.916Z,2026-01-26T19:01:42.655Z,,,,cxt-master,70.1474275,,,,
Post-AI,192,170,209,NS_04,2026-01-23T16:23:42.934Z,2026-01-23T18:25:10.974Z,,,,cxt-master,2.0244555555555555,,2026-01-23T17:24:17.916Z,1.0097172222222222,2.0
Post-AI,191,170,7,SE_02,2026-01-22T08:52:53.582Z,2026-01-23T09:51:13.223Z,,,,cxt-master,24.9721225,,2026-01-23T06:32:17.579Z,21.65666583333333,2.0
Post-AI,190,170,209,NS_04,2026-01-22T00:46:12.846Z,2026-01-23T03:19:14.896Z,,,,cxt-master,26.550569444444445,,2026-01-22T09:39:10.583Z,8.882704722222222,2.0
Post-AI,189,170,209,NS_04,2026-01-16T22:02:46.917Z,2026-01-21T01:59:21.346Z,,,,cxt-master,99.94289694444444,,2026-01-16T22:37:44.903Z,0.5827738888888888,2.0
Post-AI,187,170,209,NS_04,2026-01-08T15:37:52.644Z,2026-01-08T18:26:14.040Z,,,,cxt-master,2.805943333333333,,,,
Post-AI,186,170,7,SE_02,2026-01-08T06:36:16.402Z,2026-01-08T07:00:55.977Z,,,,cxt-master,0.4109930555555555,,,,
Post-AI,184,170,209,NS_04,2026-01-07T22:24:35.792Z,2026-01-09T03:20:32.208Z,,,,cxt-master,28.93233777777778,,,,
Post-AI,183,170,209,NS_04,2026-01-06T20:18:13.895Z,2026-01-07T02:12:13.268Z,,,,cxt-master,5.899825833333333,,,,
Post-AI,182,170,7,SE_02,2026-01-05T10:31:35.077Z,2026-01-05T10:59:42.133Z,,,,cxt-master,0.4686266666666667,,,,
Pre-AI,14,157,11,SE_03,2025-12-31T19:46:31.333Z,2026-01-14T22:20:40.070Z,,,,master,338.5690936111111,,2026-01-13T06:16:27.282Z,298.49887472222224,1.0
Pre-AI,13,157,185,gbhatnagar,2025-12-22T23:16:05.849Z,2025-12-22T23:22:51.352Z,,,,master,0.1126397222222222,,,,
Pre-AI,12,157,11,SE_03,2025-12-17T21:25:44.390Z,2025-12-17T21:36:06.156Z,,,,master,0.1727127777777777,,,,
Pre-AI,11,157,11,SE_03,2025-12-09T21:06:21.161Z,2025-12-09T23:19:18.002Z,,,,master,2.2157891666666667,,,,
Pre-AI,10,157,11,SE_03,2025-12-05T17:32:47.879Z,2025-12-05T17:38:01.918Z,,,,master,0.0872330555555555,,,,
Pre-AI,8,157,11,SE_03,2025-11-21T19:50:32.154Z,2025-11-21T20:29:09.099Z,,,,master,0.6435958333333334,,,,
Pre-AI,6,157,11,SE_03,2025-10-31T19:18:53.885Z,2025-10-31T19:19:34.701Z,,,,master,0.0113377777777777,,,,
Pre-AI,5,157,11,SE_03,2025-10-03T22:23:07.532Z,2025-10-06T15:44:49.831Z,,,,master,65.36174972222223,,,,
Pre-AI,4,157,11,SE_03,2025-10-01T19:29:58.556Z,2025-10-01T20:52:47.904Z,,,,master,1.3803744444444443,,,,
Pre-AI,3,157,11,SE_03,2025-09-25T18:04:46.195Z,2025-09-25T20:22:28.904Z,,,,master,2.2951969444444447,,,,
Pre-AI,2,157,11,SE_03,2025-09-24T17:28:18.589Z,2025-09-24T17:29:00.507Z,,,,master,0.0116438888888888,,,,
Pre-AI,1,157,11,SE_03,2025-09-23T18:54:02.015Z,2025-09-23T18:59:48.923Z,,,,master,0.0963633333333333,,,,
Pre-AI,15,177,7,SE_02,2025-12-26T06:00:49.146Z,2025-12-26T09:20:20.074Z,,,,ot-master,3.325257777777778,,,,
Pre-AI,14,177,4,SE_01,2025-12-08T07:02:30.434Z,2025-12-08T08:42:30.363Z,,,,ot-master,1.6666469444444445,,,,
Pre-AI,13,177,185,gbhatnagar,2025-11-21T18:08:37.373Z,2025-11-21T18:12:11.374Z,,,,ot-master,0.0594447222222222,,,,
Pre-AI,12,177,185,gbhatnagar,2025-11-10T17:06:27.869Z,2025-11-10T17:28:58.348Z,,,,ot-master,0.3751330555555556,,,,
Pre-AI,11,177,185,gbhatnagar,2025-11-05T16:58:39.004Z,2025-11-05T17:05:24.141Z,,,,ot-master,0.1125380555555555,,,,
Pre-AI,10,177,185,gbhatnagar,2025-10-15T03:49:51.718Z,2025-10-15T15:59:18.966Z,,,,ot-master,12.157568888888887,,,,
Pre-AI,9,177,185,gbhatnagar,2025-08-27T20:56:30.498Z,2025-08-27T21:58:55.099Z,,,,ot-master,1.0401669444444446,,,,
Pre-AI,8,177,185,gbhatnagar,2025-08-26T18:51:52.346Z,2025-08-26T18:59:20.961Z,,,,ot-master,0.1246152777777777,,,,
Pre-AI,7,177,7,SE_02,2025-08-25T08:49:14.860Z,2025-08-26T02:54:41.261Z,,,,ot-master,18.090666944444443,,2025-08-25T08:56:22.833Z,0.1188813888888889,1.0
Pre-AI,6,177,185,gbhatnagar,2025-08-06T00:14:50.088Z,2025-08-06T00:20:24.127Z,,,,ot-master,0.0927886111111111,,,,
Pre-AI,5,177,185,gbhatnagar,2025-08-01T20:53:08.805Z,2025-08-04T22:51:55.208Z,,,,ot-master,73.97955638888888,,,,
Pre-AI,4,177,185,gbhatnagar,2025-07-30T03:37:44.533Z,2025-07-30T04:35:05.698Z,,,,ot-master,0.9558791666666666,,,,
Pre-AI,3,177,185,gbhatnagar,2025-07-25T20:44:09.179Z,2025-07-25T21:11:20.137Z,,,,ot-master,0.4530438888888889,,,,
Pre-AI,2,177,185,gbhatnagar,2025-07-24T05:56:06.970Z,2025-07-24T07:03:48.702Z,,,,ot-master,1.128258888888889,,,,
Pre-AI,900,152,7,SE_02,2025-11-20T06:17:45.283Z,2025-11-20T06:32:18.720Z,,,,qat,0.2426213888888889,,,,
Pre-AI,899,152,7,SE_02,2025-11-20T06:07:40.816Z,2025-11-20T06:15:44.913Z,,,,development,0.1344713888888888,,,,
Pre-AI,898,152,7,SE_02,2025-10-07T04:16:00.100Z,2025-10-07T04:26:09.089Z,,,,qat,0.1691636111111111,,,,
Pre-AI,897,152,7,SE_02,2025-10-06T13:31:42.041Z,2025-10-07T03:15:11.551Z,,,,development,13.724863888888889,,,,
Pre-AI,896,152,7,SE_02,2025-09-22T09:30:31.900Z,2025-09-23T03:13:45.128Z,,,,qat,17.72034111111111,,,,
Pre-AI,895,152,7,SE_02,2025-09-22T06:00:29.037Z,2025-09-22T06:09:30.673Z,,,,development,0.1504544444444444,,,,
Pre-AI,894,152,7,SE_02,2025-08-20T09:19:45.208Z,2025-08-20T10:01:03.886Z,,,,development,0.6885216666666666,,,,
Pre-AI,893,152,7,SE_02,2025-08-20T08:45:10.721Z,2025-08-20T09:16:05.244Z,,,,qat,0.5151452777777777,,,,
Pre-AI,892,152,7,SE_02,2025-08-20T06:33:55.257Z,2025-08-20T06:36:35.071Z,,,,master,0.0443927777777777,,,,
Pre-AI,890,152,7,SE_02,2025-08-20T05:54:51.614Z,2025-08-20T05:57:11.682Z,,,,master,0.0389077777777777,,,,
Pre-AI,888,152,7,SE_02,2025-08-20T02:37:31.757Z,2025-08-20T04:30:48.506Z,,,,master,1.8879858333333333,,,,
Pre-AI,887,152,7,SE_02,2025-08-14T07:51:04.751Z,2025-08-14T07:53:26.185Z,,,,qat,0.0392872222222222,,,,
Pre-AI,886,152,7,SE_02,2025-08-14T05:17:40.993Z,2025-08-14T07:50:18.277Z,,,,development,2.54369,,,,
Pre-AI,885,152,7,SE_02,2025-08-13T02:57:01.644Z,2025-08-13T04:32:01.595Z,,,,master,1.5833197222222222,,,,
Pre-AI,884,152,7,SE_02,2025-08-11T05:52:14.693Z,2025-08-11T06:03:57.328Z,,,,qat,0.1951763888888888,,,,
Pre-AI,883,152,7,SE_02,2025-08-11T05:08:18.597Z,2025-08-11T05:11:01.869Z,,,,development,0.0453533333333333,,,,
Pre-AI,882,152,7,SE_02,2025-08-08T03:06:44.981Z,2025-08-08T04:35:34.973Z,,,,master,1.4805533333333334,,,,
Pre-AI,881,152,7,SE_02,2025-08-07T05:19:07.657Z,2025-08-07T05:23:17.542Z,,,,qat,0.0694125,,,,
Pre-AI,880,152,7,SE_02,2025-08-07T04:54:22.724Z,2025-08-07T05:17:58.274Z,,,,development,0.3932083333333333,,,,
Pre-AI,879,152,7,SE_02,2025-08-05T05:13:41.475Z,2025-08-05T05:18:39.251Z,,,,qat,0.0827155555555555,,,,
Pre-AI,878,152,7,SE_02,2025-08-05T04:44:11.672Z,2025-08-05T05:01:36.503Z,,,,development,0.2902308333333333,,,,
Pre-AI,877,152,7,SE_02,2025-08-04T11:46:53.269Z,2025-08-04T11:48:08.743Z,,,,qat,0.020965,,,,
Pre-AI,876,152,7,SE_02,2025-08-04T11:41:23.199Z,2025-08-04T11:46:31.745Z,,,,development,0.0857072222222222,,,,
Pre-AI,875,152,7,SE_02,2025-08-01T06:23:23.738Z,2025-08-01T06:32:16.984Z,,,,qat,0.1481238888888889,,,,
Pre-AI,874,152,7,SE_02,2025-08-01T06:03:35.687Z,2025-08-01T06:22:06.794Z,,,,development,0.3086408333333333,,,,
Pre-AI,873,152,4,SE_01,2025-07-31T11:33:16.467Z,2025-07-31T11:38:04.242Z,,,,qat,0.0799375,,,,
Pre-AI,872,152,7,SE_02,2025-07-31T06:38:28.985Z,2025-07-31T11:28:36.523Z,,,,development,4.835427222222222,,,,
Pre-AI,871,152,7,SE_02,2025-07-30T09:38:20.256Z,2025-07-30T10:03:58.987Z,,,,qat,0.4274252777777778,,,,
Pre-AI,870,152,7,SE_02,2025-07-30T08:45:27.598Z,2025-07-30T09:11:25.479Z,,,,development,0.4327447222222222,,,,
Pre-AI,869,152,7,SE_02,2025-07-28T05:46:05.410Z,2025-07-28T06:42:53.954Z,,,,qat,0.9468177777777778,,,,
Post-AI,127,157,185,gbhatnagar,2026-06-23T19:15:58.729Z,2026-06-23T19:20:01.782Z,,,,master,0.0675147222222222,,,,
Post-AI,126,157,185,gbhatnagar,2026-06-02T16:21:06.661Z,2026-06-02T16:22:46.670Z,,,,master,0.0277802777777777,,,,
Post-AI,125,157,185,gbhatnagar,2026-06-02T05:39:01.796Z,2026-06-02T13:21:59.525Z,,,,master,7.716035833333333,,,,
Post-AI,124,157,185,gbhatnagar,2026-06-02T05:19:45.677Z,2026-06-02T05:24:48.568Z,,,,master,0.0841363888888889,,,,
Post-AI,123,157,185,gbhatnagar,2026-05-29T20:36:41.601Z,2026-05-29T20:43:11.493Z,,,,master,0.1083033333333333,,,,
Post-AI,122,157,185,gbhatnagar,2026-05-27T20:52:22.661Z,2026-05-27T20:53:49.877Z,,,,master,0.0242266666666666,,,,
Post-AI,121,157,185,gbhatnagar,2026-05-21T20:51:17.893Z,2026-05-21T20:52:26.506Z,,,,master,0.0190591666666666,,,,
Post-AI,120,157,185,gbhatnagar,2026-05-21T05:05:35.875Z,2026-05-21T05:27:31.428Z,,,,master,0.3654313888888889,,2026-05-21T05:15:49.441Z,0.170435,2.0
Post-AI,119,157,185,gbhatnagar,2026-05-20T07:04:16.598Z,2026-05-20T15:45:18.859Z,,,,master,8.68396138888889,,,,
Post-AI,118,157,185,gbhatnagar,2026-05-18T19:31:07.164Z,2026-05-18T19:53:51.753Z,,,,master,0.3790524999999999,,,,
Post-AI,117,157,136,NS_02,2026-05-13T02:03:44.652Z,2026-05-18T20:43:42.449Z,,,,master,138.66605472222224,,,,
Post-AI,116,157,11,SE_03,2026-05-11T18:50:24.126Z,2026-05-11T18:51:44.932Z,,,,master,0.0224461111111111,,,,
Post-AI,115,157,11,SE_03,2026-05-11T17:31:26.225Z,2026-05-11T17:41:29.458Z,,,,master,0.1675647222222222,,,,
Post-AI,114,157,11,SE_03,2026-05-06T22:20:51.251Z,2026-05-06T22:32:36.484Z,,,,master,0.1958980555555555,,,,
Post-AI,113,157,185,gbhatnagar,2026-05-06T05:31:54.090Z,2026-05-06T05:37:16.943Z,,,,master,0.0896813888888889,,,,
Post-AI,112,157,136,NS_02,2026-05-06T04:28:13.032Z,2026-05-06T04:32:28.178Z,,,,master,0.0708738888888888,,,,
Post-AI,111,157,136,NS_02,2026-05-05T21:32:56.941Z,2026-05-05T21:35:02.122Z,,,,master,0.0347725,,,,
Post-AI,110,157,185,gbhatnagar,2026-05-01T21:06:49.976Z,2026-05-01T21:08:15.992Z,,,,master,0.0238933333333333,,,,
Post-AI,109,157,136,NS_02,2026-04-29T18:59:29.750Z,2026-04-29T20:18:29.918Z,,,,master,1.3167133333333332,,,,
Post-AI,108,157,136,NS_02,2026-04-29T17:27:25.197Z,2026-04-29T17:31:13.852Z,,,,master,0.0635152777777777,,,,
Post-AI,107,157,136,NS_02,2026-04-28T04:30:30.752Z,2026-04-28T04:55:00.293Z,,,,master,0.4082058333333333,,,,
Post-AI,106,157,185,gbhatnagar,2026-04-28T04:02:42.569Z,2026-04-28T04:03:55.370Z,,,,master,0.0202225,,,,
Post-AI,104,157,185,gbhatnagar,2026-04-27T08:42:56.625Z,2026-04-27T08:47:35.741Z,,,,master,0.0775322222222222,,,,
Post-AI,103,157,136,NS_02,2026-04-24T15:35:17.144Z,2026-04-28T03:48:33.473Z,,,,master,84.2212025,,,,
Post-AI,102,157,185,gbhatnagar,2026-04-22T15:58:37.591Z,2026-04-22T15:59:35.831Z,,,,master,0.0161777777777777,,,,
Post-AI,101,157,185,gbhatnagar,2026-04-19T15:33:22.310Z,2026-04-20T15:42:31.307Z,,,,master,24.15249916666667,,,,
Post-AI,100,157,185,gbhatnagar,2026-04-19T14:36:59.537Z,2026-04-19T14:41:02.340Z,,,,master,0.0674452777777777,,2026-04-19T14:40:56.565Z,0.0658411111111111,1.0
Post-AI,99,157,185,gbhatnagar,2026-04-19T02:27:55.564Z,2026-04-19T02:30:13.804Z,,,,master,0.0384,,2026-04-19T02:30:01.182Z,0.0348938888888888,1.0
Post-AI,98,157,185,gbhatnagar,2026-04-19T02:20:25.649Z,2026-04-19T02:21:45.313Z,,,,master,0.0221288888888888,,2026-04-19T02:21:22.732Z,0.0158563888888888,1.0
Post-AI,96,157,185,gbhatnagar,2026-04-16T22:28:51.682Z,2026-04-17T04:18:26.481Z,,,,master,5.826333055555556,,,,
Post-AI,95,157,185,gbhatnagar,2026-04-15T17:35:30.619Z,2026-04-15T17:44:54.381Z,,,,master,0.1566005555555555,,,,
Post-AI,94,157,185,gbhatnagar,2026-04-13T19:26:08.160Z,2026-04-13T19:27:09.223Z,,,,master,0.0169619444444444,,,,
Post-AI,93,157,185,gbhatnagar,2026-04-13T18:53:09.423Z,2026-04-13T18:57:25.231Z,,,,master,0.0710577777777777,,,,
Post-AI,92,157,185,gbhatnagar,2026-04-07T16:09:54.385Z,2026-04-07T16:10:46.856Z,,,,master,0.0145752777777777,,,,
Post-AI,91,157,185,gbhatnagar,2026-04-07T15:59:34.281Z,2026-04-07T16:00:09.870Z,,,,master,0.0098858333333333,,,,
Post-AI,90,157,185,gbhatnagar,2026-04-07T15:30:43.956Z,2026-04-07T15:33:28.956Z,,,,master,0.0458333333333333,,,,
Post-AI,89,157,11,SE_03,2026-04-02T19:48:42.128Z,2026-04-02T20:48:27.468Z,,,,master,0.995927777777778,,,,
Post-AI,88,157,185,gbhatnagar,2026-04-02T15:29:15.819Z,2026-04-02T15:30:14.893Z,,,,master,0.0164094444444444,,,,
Post-AI,87,157,185,gbhatnagar,2026-04-02T01:18:47.089Z,2026-04-02T05:57:18.841Z,,,,master,4.642153333333334,,2026-04-02T05:18:02.459Z,3.987602777777778,2.0
Post-AI,86,157,185,gbhatnagar,2026-04-01T23:29:30.813Z,2026-04-01T23:30:08.383Z,,,,master,0.0104361111111111,,,,
Post-AI,85,157,11,SE_03,2026-04-01T22:11:13.304Z,2026-04-01T22:29:12.684Z,,,,master,0.2998277777777778,,,,
Post-AI,84,157,11,SE_03,2026-04-01T19:50:46.174Z,2026-04-01T19:51:13.626Z,,,,master,0.0076255555555555,,,,
Post-AI,83,157,11,SE_03,2026-03-31T20:02:49.430Z,2026-04-01T17:57:56.246Z,,,,master,21.918560000000003,,2026-03-31T20:24:45.849Z,0.3656719444444444,2.0
Post-AI,82,157,185,gbhatnagar,2026-03-31T07:40:06.449Z,2026-03-31T15:43:21.895Z,,,,master,8.054290555555555,,2026-03-31T09:38:12.729Z,1.9684111111111111,1.0
Post-AI,81,157,185,gbhatnagar,2026-03-26T15:44:55.362Z,2026-03-26T15:46:22.723Z,,,,master,0.0242669444444444,,,,
Post-AI,80,157,185,gbhatnagar,2026-03-25T00:11:42.869Z,2026-03-25T01:41:47.623Z,,,,master,1.5013205555555555,,,,
Post-AI,79,157,185,gbhatnagar,2026-03-24T21:17:48.472Z,2026-03-24T21:18:42.297Z,,,,master,0.0149513888888888,,,,
Post-AI,78,157,185,gbhatnagar,2026-03-23T21:34:32.028Z,2026-03-23T21:42:42.216Z,,,,master,0.1361633333333333,,,,
Post-AI,77,157,185,gbhatnagar,2026-03-20T18:03:20.530Z,2026-03-20T18:05:46.756Z,,,,master,0.0406183333333333,,,,
Post-AI,76,157,185,gbhatnagar,2026-03-18T19:57:08.099Z,2026-03-18T20:22:39.297Z,,,,master,0.4253327777777778,,,,
Post-AI,75,157,11,SE_03,2026-03-18T13:43:29.061Z,2026-03-18T16:40:54.263Z,,,,master,2.957000555555555,,,,
Post-AI,74,157,185,gbhatnagar,2026-03-18T06:36:36.571Z,2026-03-18T06:46:54.945Z,,,,master,0.1717705555555555,,,,
Post-AI,73,157,185,gbhatnagar,2026-03-18T04:52:53.796Z,2026-03-18T04:54:50.696Z,,,,master,0.0324722222222222,,,,
Post-AI,72,157,185,gbhatnagar,2026-03-18T03:14:30.755Z,2026-03-18T04:23:26.370Z,,,,master,1.1487819444444445,,,,
Post-AI,71,157,11,SE_03,2026-03-17T20:26:49.088Z,2026-03-17T21:06:52.452Z,,,,master,0.6676011111111111,,,,
Post-AI,70,157,185,gbhatnagar,2026-03-17T15:23:36.915Z,2026-03-17T15:24:42.000Z,,,,master,0.0180791666666666,,,,
Post-AI,69,157,185,gbhatnagar,2026-03-16T16:37:19.002Z,2026-03-16T16:39:01.915Z,,,,master,0.0285869444444444,,,,
Post-AI,68,157,11,SE_03,2026-03-13T15:05:09.706Z,2026-03-16T16:32:42.241Z,,,,master,73.4590375,,,,
Post-AI,67,157,185,gbhatnagar,2026-03-12T07:34:28.244Z,2026-03-12T08:40:52.929Z,,,,master,1.1068569444444445,,,,
Post-AI,66,157,185,gbhatnagar,2026-03-12T01:10:58.049Z,2026-03-12T01:34:34.728Z,,,,master,0.3935219444444445,,,,
Post-AI,65,157,185,gbhatnagar,2026-03-11T22:53:52.673Z,2026-03-11T23:06:57.049Z,,,,master,0.2178822222222222,,,,
Post-AI,64,157,11,SE_03,2026-03-11T17:08:39.665Z,2026-03-11T17:22:11.133Z,,,,master,0.2254077777777777,,,,
Post-AI,63,157,185,gbhatnagar,2026-03-11T02:20:25.284Z,2026-03-11T18:53:54.786Z,,,,master,16.558195,,,,
Post-AI,62,157,185,gbhatnagar,2026-03-09T19:19:46.407Z,2026-03-09T19:30:47.774Z,,,,master,0.1837130555555555,,,,
Post-AI,61,157,185,gbhatnagar,2026-03-09T05:01:30.230Z,2026-03-09T05:42:01.964Z,,,,master,0.6754816666666666,,,,
Post-AI,60,157,185,gbhatnagar,2026-03-05T07:12:01.783Z,2026-03-05T07:35:03.316Z,,,,master,0.3837591666666666,,,,
Post-AI,59,157,185,gbhatnagar,2026-03-04T23:39:32.119Z,2026-03-04T23:58:40.928Z,,,,master,0.3191136111111111,,,,
Post-AI,58,157,11,SE_03,2026-03-04T15:42:06.647Z,2026-03-04T23:44:37.817Z,,,,master,8.041991666666666,,,,
Post-AI,57,157,185,gbhatnagar,2026-03-04T01:08:33.044Z,2026-03-04T02:21:04.320Z,,,,master,1.2086877777777778,,,,
Post-AI,56,157,185,gbhatnagar,2026-02-28T00:00:06.732Z,2026-03-02T18:37:54.483Z,,,,master,66.62993083333333,,,,
Post-AI,55,157,11,SE_03,2026-02-27T21:41:57.942Z,2026-02-27T22:31:40.983Z,,,,master,0.8286225,,,,
Post-AI,54,157,185,gbhatnagar,2026-02-27T16:56:11.050Z,2026-02-27T19:03:32.705Z,,,,master,2.1226819444444445,,,,
Post-AI,53,157,185,gbhatnagar,2026-02-26T20:45:02.762Z,2026-02-26T22:05:31.756Z,,,,master,1.341387222222222,,,,
Post-AI,52,157,185,gbhatnagar,2026-02-26T18:36:16.179Z,2026-02-26T20:13:11.389Z,,,,master,1.615336111111111,,,,
Post-AI,51,157,11,SE_03,2026-02-24T20:25:33.402Z,2026-02-25T01:12:51.576Z,,,,master,4.788381666666666,,,,
Post-AI,50,157,185,gbhatnagar,2026-02-24T18:46:41.703Z,2026-02-24T18:56:19.516Z,,,,master,0.1605036111111111,,,,
Post-AI,49,157,185,gbhatnagar,2026-02-23T22:54:02.367Z,2026-02-24T17:04:32.472Z,,,,master,18.17502916666667,,,,
Post-AI,48,157,7,SE_02,2026-02-21T02:44:45.548Z,2026-02-23T02:55:09.438Z,,,,master,48.173302777777785,,,,
Post-AI,47,157,4,SE_01,2026-02-19T10:32:45.353Z,2026-02-20T03:29:15.429Z,,,,master,16.941687777777776,,,,
Post-AI,46,157,185,gbhatnagar,2026-02-18T16:44:04.535Z,2026-02-18T18:16:31.826Z,,,,master,1.5409141666666668,,,,
Post-AI,45,157,185,gbhatnagar,2026-02-17T15:42:36.764Z,2026-02-17T15:51:31.717Z,,,,master,0.1485980555555555,,,,
Post-AI,44,157,11,SE_03,2026-02-06T20:15:04.732Z,2026-02-10T18:56:25.698Z,,,,master,94.68915722222222,,,,
Post-AI,43,157,185,gbhatnagar,2026-02-06T03:49:47.062Z,2026-02-10T18:55:25.230Z,,,,master,111.09393555555556,,2026-02-06T03:52:42.089Z,0.0486186111111111,1.0
Post-AI,42,157,136,NS_02,2026-02-05T19:06:43.597Z,2026-02-17T15:52:09.234Z,,,,master,284.7571213888889,,2026-02-06T03:32:04.947Z,8.422597222222223,1.0
Post-AI,41,157,185,gbhatnagar,2026-02-05T17:43:06.911Z,2026-02-05T17:51:07.413Z,,,,master,0.1334727777777777,,,,
Post-AI,40,157,185,gbhatnagar,2026-02-04T16:42:49.771Z,2026-02-04T17:02:54.837Z,,,,master,0.3347405555555555,,,,
Post-AI,39,157,185,gbhatnagar,2026-02-03T02:56:53.652Z,2026-02-03T07:52:17.934Z,,,,master,4.9234116666666665,,2026-02-03T06:56:04.930Z,3.986466111111111,2.0
Post-AI,38,157,4,SE_01,2026-01-30T16:01:04.426Z,2026-01-30T16:01:11.414Z,,,,Feature/195766-Payment-Processing,0.0019411111111111,,,,
Post-AI,37,157,4,SE_01,2026-01-30T14:45:51.070Z,2026-02-02T04:38:53.772Z,,,,master,61.88408388888889,,,,
Post-AI,35,157,7,SE_02,2026-01-30T10:42:17.573Z,2026-01-30T10:45:17.456Z,,,,master,0.0499675,,,,
Post-AI,34,157,7,SE_02,2026-01-30T09:16:49.379Z,2026-01-30T10:38:18.237Z,,,,master,1.358016111111111,,,,
Post-AI,33,157,185,gbhatnagar,2026-01-29T17:08:46.211Z,2026-01-29T17:27:13.486Z,,,,master,0.3075763888888889,,,,
Post-AI,32,157,7,SE_02,2026-01-29T06:08:13.015Z,2026-01-30T04:10:04.490Z,,,,master,22.030965277777774,,2026-01-30T08:29:40.934Z,26.357755277777777,1.0
Post-AI,31,157,185,gbhatnagar,2026-01-28T21:51:52.729Z,2026-01-28T22:43:55.389Z,,,,master,0.8674055555555555,,,,
Post-AI,30,157,185,gbhatnagar,2026-01-27T16:44:46.333Z,2026-01-27T17:58:29.833Z,,,,master,1.22875,,,,
Post-AI,29,157,185,gbhatnagar,2026-01-23T16:32:35.219Z,2026-01-23T16:33:54.555Z,,,,master,0.0220377777777777,,,,
Post-AI,28,157,185,gbhatnagar,2026-01-23T06:40:35.600Z,2026-01-23T07:21:16.677Z,,,,master,0.6780769444444446,,,,
Post-AI,27,157,185,gbhatnagar,2026-01-22T17:39:23.609Z,2026-01-22T18:16:57.416Z,,,,master,0.6260574999999999,,,,
Post-AI,26,157,185,gbhatnagar,2026-01-21T22:12:05.972Z,2026-01-22T02:25:46.923Z,,,,master,4.228041944444445,,,,
Post-AI,25,157,11,SE_03,2026-01-20T22:30:51.590Z,2026-01-20T22:41:21.646Z,,,,master,0.1750155555555555,,,,
Post-AI,24,157,7,SE_02,2026-01-19T09:05:26.278Z,2026-01-20T10:59:15.003Z,,,,master,25.89686805555556,,,,
Post-AI,23,157,185,gbhatnagar,2026-01-17T11:20:10.935Z,2026-01-17T11:20:24.882Z,,,,master,0.0038741666666666,,,,
Post-AI,22,157,185,gbhatnagar,2026-01-17T10:33:38.353Z,2026-01-17T11:09:21.035Z,,,,master,0.5951894444444444,,,,
Post-AI,21,157,185,gbhatnagar,2026-01-17T10:08:44.630Z,2026-01-17T10:13:22.256Z,,,,master,0.0771183333333333,,,,
Post-AI,20,157,11,SE_03,2026-01-15T20:45:18.912Z,2026-01-15T22:33:14.635Z,,,,master,1.7988119444444444,,,,
Post-AI,18,157,4,SE_01,2026-01-12T04:23:16.565Z,2026-01-12T04:38:25.371Z,,,,master,0.2524461111111111,,,,
Post-AI,17,157,7,SE_02,2026-01-10T01:03:09.401Z,2026-01-12T04:32:36.176Z,,,,master,51.49077083333333,,,,
Post-AI,15,157,185,gbhatnagar,2026-01-09T02:13:29.793Z,2026-01-09T18:51:27.469Z,,,,master,16.63268777777778,,,,
Post-AI,21,177,185,gbhatnagar,2026-06-23T18:33:51.188Z,2026-06-23T18:52:15.125Z,,,,ot-master,0.3066491666666666,,,,
Post-AI,20,177,185,gbhatnagar,2026-06-18T22:49:27.197Z,2026-06-18T23:03:12.805Z,,,,ot-master,0.2293355555555555,,,,
Post-AI,19,177,185,gbhatnagar,2026-06-18T17:35:48.031Z,2026-06-18T17:46:44.728Z,,,,ot-master,0.1824158333333333,,,,
Post-AI,18,177,185,gbhatnagar,2026-06-17T21:33:52.723Z,2026-06-17T22:00:46.590Z,,,,ot-master,0.4482963888888889,,,,
Post-AI,17,177,185,gbhatnagar,2026-06-11T22:46:48.448Z,2026-06-12T18:33:10.019Z,,,,ot-master,19.772658611111112,,,,
Post-AI,16,177,185,gbhatnagar,2026-03-20T16:48:25.210Z,2026-03-20T16:50:46.209Z,,,,ot-master,0.0391663888888888,,,,
Post-AI,125,220,12,SE_04,2026-06-30T10:13:14.392Z,2026-07-01T09:45:35.651Z,,,,master,23.539238611111116,,2026-06-30T17:25:18.636Z,7.201178888888888,2.0
Post-AI,124,220,222,SE_05,2026-06-30T02:40:20.530Z,2026-06-30T02:41:09.211Z,,,,master,0.0135225,,,,
Post-AI,123,220,222,SE_05,2026-06-30T02:27:40.870Z,2026-06-30T02:28:39.496Z,,,,master,0.016285,,,,
Post-AI,122,220,222,SE_05,2026-06-29T23:54:13.752Z,2026-06-30T00:16:08.535Z,,,,master,0.3652175,,,,
Post-AI,121,220,222,SE_05,2026-06-29T21:09:12.405Z,2026-06-29T22:08:27.926Z,,,,master,0.9876447222222224,,,,
Post-AI,119,220,4,SE_01,2026-06-26T06:37:46.902Z,2026-06-26T07:03:25.451Z,,,,master,0.4273747222222222,,,,
Post-AI,118,220,222,SE_05,2026-06-25T21:38:37.109Z,2026-06-25T21:42:11.975Z,,,,master,0.059685,,,,
Post-AI,117,220,222,SE_05,2026-06-25T19:50:42.565Z,2026-06-25T20:22:27.967Z,,,,master,0.5292783333333333,,,,
Post-AI,115,220,185,gbhatnagar,2026-06-25T09:49:47.148Z,2026-06-25T15:25:37.220Z,,,,master,5.597242222222223,,,,
Post-AI,114,220,12,SE_04,2026-06-24T15:32:53.357Z,2026-06-25T10:53:37.138Z,,,,master,19.345494722222224,,,,
Post-AI,113,220,7,SE_02,2026-06-24T10:01:09.197Z,2026-06-24T15:33:14.439Z,,,,master,5.534789444444444,,2026-06-24T15:09:10.390Z,5.133664722222222,2.0
Post-AI,112,220,222,SE_05,2026-06-24T00:04:10.213Z,2026-06-24T00:08:19.532Z,,,,master,0.0692552777777777,,,,
Post-AI,111,220,222,SE_05,2026-06-23T22:15:26.207Z,2026-06-23T22:26:35.577Z,,,,master,0.1859361111111111,,,,
Post-AI,110,220,222,SE_05,2026-06-23T21:21:04.766Z,2026-06-23T21:25:30.774Z,,,,master,0.0738911111111111,,,,
Post-AI,109,220,11,SE_03,2026-06-22T21:10:04.569Z,2026-06-22T21:16:12.714Z,,,,master,0.1022624999999999,,,,
Post-AI,108,220,222,SE_05,2026-06-19T22:22:45.658Z,2026-06-22T11:29:19.065Z,,,,master,61.10927972222223,,,,
Post-AI,107,220,4,SE_01,2026-06-19T13:18:01.739Z,2026-06-19T14:04:55.449Z,,,,master,0.7815861111111111,,,,
Post-AI,106,220,7,SE_02,2026-06-19T05:42:10.655Z,2026-06-19T05:58:52.653Z,,,,master,0.2783327777777778,,,,
Post-AI,105,220,12,SE_04,2026-06-17T11:50:15.083Z,2026-06-17T13:45:06.915Z,,,,master,1.9143977777777776,,,,
Post-AI,104,220,7,SE_02,2026-06-17T04:01:58.833Z,2026-06-17T04:11:57.494Z,,,,master,0.1662947222222222,,,,
Post-AI,103,220,11,SE_03,2026-06-16T19:59:56.517Z,2026-06-17T15:39:12.421Z,,,,master,19.654417777777777,,,,
Post-AI,102,220,222,SE_05,2026-06-15T18:24:22.795Z,2026-06-15T18:25:45.951Z,,,,master,0.0230988888888888,,,,
Post-AI,101,220,7,SE_02,2026-06-15T14:17:42.302Z,2026-06-15T14:24:20.581Z,,,,master,0.1106330555555555,,,,
Post-AI,100,220,4,SE_01,2026-06-15T08:42:09.243Z,2026-06-15T08:53:09.522Z,,,,master,0.1834108333333333,,,,
Post-AI,99,220,222,SE_05,2026-06-12T23:53:41.643Z,2026-06-12T23:59:38.490Z,,,,master,0.0991241666666666,,,,
Post-AI,97,220,7,SE_02,2026-06-12T05:37:39.827Z,2026-06-12T06:05:23.323Z,,,,master,0.4620822222222222,,,,
Post-AI,96,220,222,SE_05,2026-06-11T20:50:15.573Z,2026-06-11T20:53:22.318Z,,,,master,0.0518736111111111,,,,
Post-AI,95,220,7,SE_02,2026-06-11T03:37:42.833Z,2026-06-11T04:06:18.399Z,,,,master,0.4765461111111111,,,,
Post-AI,94,220,7,SE_02,2026-06-10T05:56:51.017Z,2026-06-10T06:02:12.118Z,,,,master,0.0891947222222222,,,,
Post-AI,93,220,4,SE_01,2026-06-09T15:31:47.384Z,2026-06-10T03:08:22.756Z,,,,master,11.609825555555556,,,,
Post-AI,92,220,222,SE_05,2026-06-09T15:01:15.045Z,2026-06-09T15:13:15.482Z,,,,master,0.2001213888888889,,,,
Post-AI,91,220,7,SE_02,2026-06-09T10:24:07.579Z,2026-06-10T03:20:20.676Z,,,,master,16.93697138888889,,2026-06-09T14:53:53.871Z,4.496192222222222,2.0
Post-AI,90,220,185,gbhatnagar,2026-06-09T07:19:47.940Z,2026-06-09T21:16:28.274Z,,,,master,13.944537222222223,,,,
Post-AI,89,220,12,SE_04,2026-06-09T07:13:54.758Z,2026-06-09T08:42:41.006Z,,,,master,1.4795133333333332,,,,
Post-AI,88,220,222,SE_05,2026-06-09T03:24:49.273Z,2026-06-09T03:26:41.075Z,,,,master,0.0310561111111111,,,,
Post-AI,87,220,11,SE_03,2026-06-08T19:56:20.802Z,2026-06-08T19:57:03.889Z,,,,master,0.0119686111111111,,,,
Post-AI,86,220,11,SE_03,2026-06-08T17:30:23.424Z,2026-06-08T18:47:34.373Z,,,,master,1.2863747222222222,,,,
Post-AI,85,220,185,gbhatnagar,2026-06-06T06:55:36.709Z,2026-06-07T03:27:53.720Z,,,,master,20.53805861111111,,,,
Post-AI,84,220,185,gbhatnagar,2026-06-06T05:14:48.217Z,2026-06-07T02:13:06.538Z,,,,master,20.971755833333333,,,,
Post-AI,83,220,222,SE_05,2026-06-05T20:50:52.842Z,2026-06-05T20:58:50.105Z,,,,master,0.1325730555555555,,,,
Post-AI,82,220,12,SE_04,2026-06-05T14:51:43.603Z,2026-06-05T22:29:03.174Z,,,,master,7.622103055555556,,,,
Post-AI,81,220,7,SE_02,2026-06-05T13:52:06.467Z,2026-06-05T22:31:53.823Z,,,,master,8.663154444444444,,,,
Post-AI,80,220,12,SE_04,2026-06-05T11:40:16.184Z,2026-06-05T22:11:50.285Z,,,,master,10.526139166666669,,,,
Post-AI,79,220,222,SE_05,2026-06-04T18:00:15.298Z,2026-06-04T18:02:02.916Z,,,,master,0.0298938888888888,,,,
Post-AI,77,220,4,SE_01,2026-06-02T17:58:43.121Z,2026-06-03T16:03:02.745Z,,,,master,22.072117777777777,,2026-06-03T00:19:51.360Z,6.352288611111112,2.0
Post-AI,76,220,4,SE_01,2026-06-01T09:09:56.120Z,2026-06-02T15:31:21.207Z,,,,master,30.35696861111111,,2026-06-01T19:24:57.863Z,10.250484166666666,2.0
Post-AI,75,220,12,SE_04,2026-05-29T11:55:18.212Z,2026-05-29T20:09:24.026Z,,,,master,8.234948333333334,,,,
Post-AI,74,220,4,SE_01,2026-05-29T08:54:50.592Z,2026-05-29T10:46:36.730Z,,,,master,1.862816111111111,,,,
Post-AI,73,220,4,SE_01,2026-05-27T18:37:59.616Z,2026-05-28T19:23:12.870Z,,,,master,24.753681666666665,,,,
Post-AI,72,220,4,SE_01,2026-05-26T10:47:17.215Z,2026-05-27T17:32:01.550Z,,,,master,30.74564861111111,,2026-05-27T05:10:19.175Z,18.38387777777778,2.0
Post-AI,70,220,222,SE_05,2026-05-20T20:29:35.142Z,2026-05-20T22:18:54.253Z,,,,master,1.8219752777777776,,,,
Post-AI,69,220,185,gbhatnagar,2026-05-19T19:44:08.615Z,2026-05-20T01:49:10.313Z,,,,master,6.083805,,,,
Post-AI,68,220,7,SE_02,2026-05-19T10:03:07.751Z,2026-05-19T16:33:39.272Z,,,,master,6.508755833333334,,,,
Post-AI,67,220,185,gbhatnagar,2026-05-19T03:40:39.214Z,2026-05-19T15:04:57.076Z,,,,master,11.404961666666669,,,,
Post-AI,66,220,7,SE_02,2026-05-18T06:35:37.724Z,2026-05-19T03:34:03.709Z,,,,master,20.973884722222223,,,,
Post-AI,65,220,7,SE_02,2026-05-15T09:57:33.937Z,2026-05-18T04:32:01.447Z,,,,master,66.57430833333333,,,,
Post-AI,64,220,185,gbhatnagar,2026-05-14T00:30:14.998Z,2026-05-14T04:42:35.165Z,,,,master,4.205601944444444,,,,
Post-AI,63,220,185,gbhatnagar,2026-05-13T21:08:09.993Z,2026-05-13T21:09:39.783Z,,,,master,0.0249416666666666,,,,
Post-AI,62,220,222,SE_05,2026-05-13T20:12:49.844Z,2026-05-13T20:58:08.899Z,,,,master,0.7552930555555555,,,,
Post-AI,61,220,11,SE_03,2026-05-13T13:06:44.747Z,2026-05-13T20:07:25.651Z,,,,master,7.011362222222222,,2026-05-13T15:01:30.163Z,1.9126155555555555,2.0
Post-AI,60,220,12,SE_04,2026-05-12T09:14:03.395Z,2026-06-05T22:29:04.878Z,,,,master,589.2504119444444,,,,
Post-AI,59,220,185,gbhatnagar,2026-05-11T18:23:36.902Z,2026-05-11T18:51:23.785Z,,,,master,0.4630230555555555,,,,
Post-AI,58,220,7,SE_02,2026-05-11T08:54:26.244Z,2026-05-12T02:53:50.591Z,,,,master,17.99009638888889,,2026-05-11T19:06:07.442Z,10.19477722222222,1.0
Post-AI,57,220,222,SE_05,2026-05-08T21:50:59.788Z,2026-05-08T22:09:14.487Z,,,,master,0.3040830555555556,,,,
Post-AI,56,220,222,SE_05,2026-05-08T18:33:15.800Z,2026-05-08T19:05:20.938Z,,,,master,0.5347605555555556,,,,
Post-AI,55,220,11,SE_03,2026-05-08T15:51:25.193Z,2026-05-10T12:37:15.380Z,,,,master,44.763940833333336,,,,
Post-AI,54,220,7,SE_02,2026-05-07T06:12:38.427Z,2026-05-07T07:20:04.036Z,,,,master,1.1237802777777777,,,,
Post-AI,53,220,222,SE_05,2026-05-06T21:11:56.865Z,2026-05-06T21:16:33.985Z,,,,master,0.0769777777777777,,,,
Post-AI,52,220,4,SE_01,2026-05-06T16:22:15.283Z,2026-05-11T16:23:23.062Z,,,,master,120.0188275,,2026-05-06T18:24:50.792Z,2.0431969444444444,3.0
Post-AI,50,220,185,gbhatnagar,2026-05-05T04:42:00.253Z,2026-05-05T15:45:07.583Z,,,,master,11.05203611111111,,2026-05-05T15:13:05.391Z,10.518093888888888,1.0
Post-AI,49,220,11,SE_03,2026-05-01T19:35:53.845Z,2026-05-05T15:07:19.686Z,,,,master,91.52384472222222,,2026-05-01T21:06:35.712Z,1.5116297222222224,2.0
Post-AI,48,220,11,SE_03,2026-04-29T18:08:53.886Z,2026-04-29T18:13:22.005Z,,,,master,0.0744775,,,,
Post-AI,47,220,185,gbhatnagar,2026-04-29T08:02:55.820Z,2026-04-29T08:04:04.984Z,,,,master,0.0192122222222222,,,,
Post-AI,45,220,11,SE_03,2026-04-27T22:10:00.756Z,2026-04-29T11:57:55.608Z,,,,master,37.798570000000005,,2026-04-28T02:11:17.179Z,4.021228611111112,2.0
Post-AI,43,220,222,SE_05,2026-04-27T15:16:32.616Z,2026-04-27T17:54:27.062Z,,,,master,2.6317905555555554,,2026-04-27T16:30:04.928Z,1.2256422222222223,2.0
Post-AI,42,220,4,SE_01,2026-04-27T07:06:23.264Z,2026-04-27T07:07:05.134Z,,,,master,0.0116305555555555,,,,
Post-AI,41,220,7,SE_02,2026-04-27T06:38:09.615Z,2026-04-27T08:41:03.469Z,,,,master,2.0482927777777777,,2026-04-27T19:48:17.081Z,13.168740555555557,1.0
Post-AI,40,220,222,SE_05,2026-04-24T16:38:52.482Z,2026-04-27T17:07:32.566Z,,,,master,72.4778011111111,,2026-04-24T16:46:15.300Z,0.1230049999999999,1.0
Post-AI,39,220,4,SE_01,2026-04-24T13:50:41.477Z,2026-04-27T06:30:58.302Z,,,,master,64.67134027777779,,2026-04-24T16:39:43.557Z,2.8172444444444444,2.0
Post-AI,38,220,11,SE_03,2026-04-22T23:28:44.112Z,2026-04-23T19:08:48.263Z,,,,master,19.667819722222223,,,,
Post-AI,37,220,7,SE_02,2026-04-21T10:41:04.786Z,2026-04-22T04:53:32.994Z,,,,master,18.207835555555555,,,,
Post-AI,35,220,185,gbhatnagar,2026-04-20T23:24:19.145Z,2026-04-21T04:18:06.317Z,,,,master,4.896436666666666,,,,
Post-AI,34,220,185,gbhatnagar,2026-04-15T23:57:59.326Z,2026-04-16T19:48:32.441Z,,,,master,19.842531944444445,,2026-04-16T04:47:54.666Z,4.8320388888888886,3.0
Post-AI,33,220,4,SE_01,2026-04-15T12:49:46.601Z,2026-04-16T03:11:19.113Z,,,,master,14.359031111111111,,2026-04-15T20:10:45.852Z,7.349791944444444,2.0
Post-AI,32,220,12,SE_04,2026-04-14T14:19:18.289Z,2026-04-21T09:25:10.570Z,,,,master,163.0978558333333,,2026-04-15T02:42:12.315Z,12.381673888888889,2.0
Post-AI,31,220,11,SE_03,2026-04-13T21:21:44.666Z,2026-04-13T23:16:22.300Z,,,,master,1.910453888888889,,,,
Post-AI,29,220,7,SE_02,2026-04-13T08:50:16.694Z,2026-04-13T08:59:46.342Z,,,,master,0.1582355555555555,,,,
Post-AI,28,220,7,SE_02,2026-04-13T06:35:51.972Z,2026-04-13T08:36:07.390Z,,,,master,2.0042827777777776,,,,
Post-AI,27,220,222,SE_05,2026-04-10T20:07:33.022Z,2026-04-13T16:53:05.298Z,,,,master,68.75896555555556,,2026-04-13T16:40:16.042Z,68.54528333333333,1.0
Post-AI,25,220,222,SE_05,2026-04-10T16:11:00.857Z,2026-04-10T17:05:03.911Z,,,,master,0.9008483333333334,,,,
Post-AI,24,220,11,SE_03,2026-04-09T22:38:40.498Z,2026-04-10T12:19:11.934Z,,,,master,13.675398888888887,,,,
Post-AI,23,220,222,SE_05,2026-04-09T01:52:01.972Z,2026-04-09T19:16:15.295Z,,,,master,17.403700833333332,,2026-04-09T06:40:46.376Z,4.812334444444444,2.0
Post-AI,22,220,11,SE_03,2026-04-08T19:39:14.047Z,2026-04-09T15:15:20.892Z,,,,master,19.60190138888889,,2026-04-09T13:56:56.155Z,18.29503,2.0
Post-AI,18,220,7,SE_02,2026-04-07T04:39:13.015Z,2026-04-08T04:35:12.749Z,,,,master,23.933259444444445,,,,
Post-AI,17,220,185,gbhatnagar,2026-04-03T20:02:44.667Z,2026-04-06T21:23:24.592Z,,,,master,73.34442361111111,,2026-04-06T15:58:18.353Z,67.92602388888889,2.0
Post-AI,16,220,4,SE_01,2026-03-30T16:24:36.776Z,2026-03-31T02:54:50.285Z,,,,master,10.5037525,,,,
Post-AI,15,220,7,SE_02,2026-03-27T13:17:36.210Z,2026-03-31T03:19:44.762Z,,,,master,86.03570888888889,,,,
Post-AI,14,220,12,SE_04,2026-03-26T05:53:33.866Z,2026-03-27T10:58:19.507Z,,,,master,29.079344722222224,,,,
Post-AI,13,220,11,SE_03,2026-03-25T18:52:36.800Z,2026-03-30T19:23:25.110Z,,,,master,120.51341944444444,,2026-03-27T21:44:20.844Z,50.86223444444444,1.0
Post-AI,12,220,7,SE_02,2026-03-20T05:54:36.558Z,2026-03-23T15:56:50.446Z,,,,master,82.0371911111111,,2026-03-23T13:13:13.944Z,79.310385,2.0
Post-AI,11,220,222,SE_05,2026-03-18T21:06:10.612Z,2026-03-19T18:09:02.779Z,,,,master,21.04782416666667,,2026-03-19T05:56:45.130Z,8.842921666666667,2.0
Post-AI,10,220,4,SE_01,2026-03-18T15:25:27.462Z,2026-03-25T04:04:26.179Z,,,,master,156.6496436111111,,2026-03-19T06:16:44.165Z,14.854639722222222,3.0
Post-AI,9,220,7,SE_02,2026-03-16T04:53:58.887Z,2026-03-16T04:59:40.381Z,,,,master,0.0948594444444444,,,,
Post-AI,8,220,7,SE_02,2026-03-11T08:58:09.867Z,2026-03-13T16:35:38.013Z,,,,master,55.624485,,2026-03-12T15:33:32.277Z,30.589558333333333,3.0
Post-AI,7,220,222,SE_05,2026-02-27T20:47:10.251Z,2026-02-27T21:04:41.168Z,,,,master,0.2919213888888888,,2026-02-27T21:00:35.097Z,0.2235683333333333,2.0
Post-AI,6,220,7,SE_02,2026-02-27T08:18:33.534Z,2026-03-03T17:49:20.508Z,,,,master,105.51304833333332,,2026-03-02T05:06:26.616Z,68.79807833333334,3.0
Post-AI,5,220,222,SE_05,2026-02-26T20:12:47.870Z,2026-02-26T20:33:59.899Z,,,,master,0.3533413888888889,,,,
Post-AI,4,220,4,SE_01,2026-02-26T05:53:45.993Z,2026-02-26T05:53:52.133Z,,,,product-list-otsm,0.0017055555555555,,,,
Post-AI,3,220,222,SE_05,2026-02-24T22:05:28.598Z,2026-02-26T20:05:41.730Z,,,,master,46.00364777777778,,2026-02-24T23:44:31.908Z,1.6509194444444446,3.0
Post-AI,1,220,222,SE_05,2026-02-17T20:11:44.117Z,2026-02-17T20:22:56.459Z,,,,master,0.1867616666666666,,,,
Post-AI,935,152,7,SE_02,2026-06-26T03:34:45.365Z,2026-06-26T04:30:56.236Z,,,,master,0.9363530555555556,,,,
Post-AI,932,152,7,SE_02,2026-06-23T05:38:29.584Z,2026-06-23T05:47:15.349Z,,,,qat,0.1460458333333333,,,,
Post-AI,929,152,7,SE_02,2026-06-19T10:17:49.160Z,2026-06-19T10:35:59.172Z,,,,qat,0.3027811111111111,,,,
Post-AI,927,152,7,SE_02,2026-06-19T09:23:10.712Z,2026-06-19T09:35:31.286Z,,,,development,0.2057149999999999,,,,
Post-AI,926,152,185,gbhatnagar,2026-03-27T06:32:59.474Z,2026-03-27T06:33:44.878Z,,,,preprod,0.0126122222222222,,,,
Post-AI,925,152,185,gbhatnagar,2026-03-27T06:10:57.928Z,2026-03-27T06:33:45.010Z,,,,preprod,0.379745,,,,
Post-AI,924,152,185,gbhatnagar,2026-03-27T05:48:45.428Z,2026-03-27T05:49:52.523Z,,,,qat,0.0186375,,,,
Post-AI,923,152,185,gbhatnagar,2026-03-27T04:16:09.339Z,2026-03-27T04:23:01.215Z,,,,development,0.11441,,,,
Post-AI,922,152,7,SE_02,2026-03-03T04:52:50.475Z,2026-03-06T07:51:08.535Z,,,,qat,74.97168333333333,,,,
Post-AI,921,152,7,SE_02,2026-02-24T05:09:36.164Z,2026-02-26T09:47:57.704Z,,,,development,52.639316666666666,,,,
Post-AI,918,152,222,SE_05,2026-02-18T18:39:44.084Z,2026-02-19T21:10:24.831Z,,,,master,26.51131861111111,,,,
Post-AI,917,152,222,SE_05,2026-02-10T14:38:26.822Z,2026-02-10T14:50:04.649Z,,,,qat,0.1938408333333333,,,,
Post-AI,916,152,7,SE_02,2026-02-10T04:01:15.303Z,2026-02-10T04:04:45.075Z,,,,qat,0.0582699999999999,,,,
Post-AI,914,152,222,SE_05,2026-02-06T15:04:45.186Z,2026-02-06T19:34:43.518Z,,,,development,4.499536666666667,,2026-02-06T17:42:40.388Z,2.6320005555555555,1.0
Post-AI,913,152,4,SE_01,2026-02-03T04:34:30.132Z,2026-02-03T05:36:33.402Z,,,,development,1.0342416666666667,,,,
Post-AI,912,152,4,SE_01,2026-01-29T16:31:47.144Z,2026-01-29T16:33:34.918Z,,,,master,0.0299372222222222,,,,
Post-AI,911,152,7,SE_02,2026-01-28T04:32:21.675Z,2026-01-28T05:01:08.110Z,,,,master,0.4795652777777777,,,,
Post-AI,910,152,7,SE_02,2026-01-27T05:14:26.302Z,2026-01-27T05:28:34.754Z,,,,master,0.2356811111111111,,,,
Post-AI,909,152,7,SE_02,2026-01-27T05:09:57.740Z,2026-01-27T05:13:24.661Z,,,,qat,0.0574780555555555,,,,
Post-AI,908,152,7,SE_02,2026-01-27T05:04:53.845Z,2026-01-27T05:07:09.759Z,,,,development,0.0377538888888888,,,,
Post-AI,905,152,7,SE_02,2026-01-21T10:45:35.116Z,2026-01-21T10:49:30.885Z,,,,development,0.0654913888888888,,,,
