period,mr_id,project_id,reviewer_id,created_at,resolvable,resolved
Pre-AI,179,170,4,2025-12-29T05:26:48.931Z,True,True
Pre-AI,179,170,4,2025-12-29T05:26:16.240Z,True,True
Pre-AI,179,170,4,2025-12-29T05:25:36.555Z,True,True
Pre-AI,179,170,7,2025-12-29T04:33:58.484Z,True,True
Pre-AI,179,170,7,2025-12-29T04:33:28.496Z,True,True
Pre-AI,179,170,7,2025-12-29T04:32:14.907Z,True,True
Pre-AI,160,170,7,2025-12-16T13:36:40.365Z,True,False
Pre-AI,160,170,4,2025-12-16T11:32:30.409Z,True,False
Pre-AI,160,170,7,2025-12-16T10:30:05.252Z,True,True
Pre-AI,160,170,7,2025-12-16T10:29:48.993Z,True,True
Pre-AI,160,170,7,2025-12-16T10:29:27.414Z,True,True
Pre-AI,160,170,7,2025-12-16T10:26:51.321Z,True,True
Pre-AI,160,170,4,2025-12-16T07:27:42.111Z,True,True
Pre-AI,160,170,4,2025-12-16T07:24:29.519Z,True,True
Pre-AI,160,170,4,2025-12-16T07:01:16.055Z,True,True
Pre-AI,160,170,4,2025-12-16T07:00:53.345Z,True,True
Pre-AI,106,170,209,2025-10-15T20:57:34.969Z,True,False
Pre-AI,106,170,185,2025-10-15T20:49:33.575Z,True,False
Pre-AI,56,170,4,2025-08-14T07:56:18.453Z,True,True
Pre-AI,56,170,4,2025-08-14T03:26:36.533Z,True,True
Pre-AI,56,170,4,2025-08-14T03:24:56.237Z,True,True
Pre-AI,56,170,185,2025-08-13T16:21:59.417Z,True,True
Pre-AI,56,170,185,2025-08-13T16:04:09.077Z,True,True
Pre-AI,42,170,209,2025-07-31T17:31:08.313Z,True,True
Pre-AI,42,170,139,2025-07-31T17:16:20.820Z,True,True
Pre-AI,42,170,209,2025-07-29T13:36:40.553Z,True,True
Pre-AI,42,170,185,2025-07-28T21:28:37.661Z,True,True
Pre-AI,33,170,139,2025-07-21T17:48:55.132Z,True,True
Pre-AI,33,170,139,2025-07-21T17:48:43.431Z,True,True
Pre-AI,26,170,7,2025-07-11T04:43:40.218Z,True,True
Pre-AI,26,170,185,2025-07-11T04:19:18.990Z,True,True
Pre-AI,26,170,7,2025-07-11T03:48:45.702Z,True,True
Pre-AI,26,170,185,2025-07-10T18:07:21.690Z,True,True
Pre-AI,19,170,7,2025-07-09T11:12:29.363Z,False,False
Pre-AI,19,170,4,2025-07-09T11:08:21.925Z,True,True
Pre-AI,19,170,139,2025-07-07T16:49:13.615Z,True,True
Post-AI,479,170,231,2026-06-30T16:54:50.901Z,True,True
Post-AI,479,170,233,2026-06-30T14:49:16.408Z,True,True
Post-AI,478,170,233,2026-06-30T14:49:15.756Z,False,False
Post-AI,478,170,209,2026-06-26T17:33:15.778Z,True,True
Post-AI,478,170,11,2026-06-26T17:30:49.487Z,True,True
Post-AI,478,170,209,2026-06-26T17:25:57.990Z,True,True
Post-AI,478,170,11,2026-06-26T17:19:44.121Z,True,True
Post-AI,477,170,231,2026-06-30T15:58:04.927Z,True,True
Post-AI,477,170,233,2026-06-30T14:49:15.503Z,True,True
Post-AI,475,170,7,2026-06-30T04:33:10.650Z,True,True
Post-AI,475,170,7,2026-06-30T04:32:39.410Z,True,True
Post-AI,475,170,7,2026-06-30T04:07:01.831Z,True,True
Post-AI,475,170,185,2026-06-29T23:11:24.688Z,True,True
Post-AI,475,170,185,2026-06-29T23:09:30.152Z,True,True
Post-AI,475,170,185,2026-06-29T23:04:04.788Z,True,True
Post-AI,475,170,7,2026-06-29T04:20:35.617Z,True,True
Post-AI,475,170,185,2026-06-26T17:18:13.457Z,True,True
Post-AI,460,170,222,2026-06-22T20:46:37.862Z,True,True
Post-AI,448,170,12,2026-06-18T17:17:43.176Z,True,True
Post-AI,448,170,209,2026-06-18T16:46:34.517Z,True,True
Post-AI,448,170,209,2026-06-18T16:43:43.098Z,True,True
Post-AI,448,170,12,2026-06-18T16:29:22.483Z,True,True
Post-AI,448,170,185,2026-06-18T16:24:36.458Z,True,True
Post-AI,436,170,47,2026-06-19T12:04:10.015Z,True,True
Post-AI,436,170,47,2026-06-19T12:03:54.650Z,True,True
Post-AI,436,170,222,2026-06-18T20:08:08.042Z,True,True
Post-AI,436,170,222,2026-06-18T17:17:58.706Z,True,True
Post-AI,434,170,222,2026-06-16T21:53:23.158Z,True,True
Post-AI,434,170,222,2026-06-16T21:53:22.895Z,True,True
Post-AI,434,170,185,2026-06-16T20:19:57.305Z,True,True
Post-AI,431,170,11,2026-06-15T18:29:00.885Z,True,True
Post-AI,431,170,185,2026-06-15T18:08:28.892Z,True,True
Post-AI,416,170,231,2026-06-16T18:54:39.886Z,True,True
Post-AI,416,170,231,2026-06-16T18:54:06.378Z,True,True
Post-AI,416,170,185,2026-06-16T16:56:46.789Z,True,True
Post-AI,416,170,185,2026-06-16T16:53:43.016Z,True,True
Post-AI,416,170,231,2026-06-16T14:32:47.809Z,True,True
Post-AI,416,170,231,2026-06-15T20:53:38.519Z,True,True
Post-AI,416,170,222,2026-06-15T17:36:11.875Z,True,True
Post-AI,416,170,231,2026-06-15T15:22:43.776Z,True,True
Post-AI,416,170,231,2026-06-15T15:21:32.368Z,True,True
Post-AI,416,170,231,2026-06-15T15:20:46.163Z,True,True
Post-AI,416,170,7,2026-06-15T06:35:46.309Z,True,True
Post-AI,416,170,7,2026-06-15T06:32:12.650Z,True,True
Post-AI,416,170,7,2026-06-15T06:03:55.494Z,True,True
Post-AI,416,170,231,2026-06-11T22:34:45.255Z,True,True
Post-AI,416,170,231,2026-06-11T22:33:21.953Z,True,True
Post-AI,416,170,231,2026-06-11T21:53:27.145Z,True,True
Post-AI,416,170,181,2026-06-11T21:14:10.847Z,True,True
Post-AI,416,170,181,2026-06-11T21:13:13.657Z,True,True
Post-AI,415,170,11,2026-06-11T20:21:07.169Z,True,True
Post-AI,415,170,185,2026-06-11T20:12:04.973Z,True,True
Post-AI,413,170,7,2026-06-12T15:01:34.748Z,True,True
Post-AI,413,170,181,2026-06-12T13:14:53.174Z,True,True
Post-AI,413,170,7,2026-06-12T05:40:41.727Z,True,True
Post-AI,413,170,222,2026-06-11T21:17:03.407Z,True,True
Post-AI,411,170,7,2026-06-12T02:56:23.857Z,True,True
Post-AI,411,170,181,2026-06-11T21:09:42.964Z,True,True
Post-AI,397,170,47,2026-06-09T04:41:53.700Z,True,True
Post-AI,397,170,47,2026-06-09T04:33:26.338Z,True,True
Post-AI,397,170,47,2026-06-09T04:25:17.945Z,True,True
Post-AI,397,170,222,2026-06-09T04:00:31.809Z,True,True
Post-AI,397,170,222,2026-06-09T03:51:33.879Z,True,True
Post-AI,397,170,222,2026-06-09T03:42:24.164Z,True,True
Post-AI,397,170,47,2026-06-08T10:10:57.066Z,True,True
Post-AI,397,170,7,2026-06-08T10:08:06.672Z,True,True
Post-AI,384,170,231,2026-06-09T20:23:02.451Z,True,True
Post-AI,384,170,231,2026-06-09T20:22:49.085Z,True,True
Post-AI,384,170,231,2026-06-08T18:19:55.421Z,True,True
Post-AI,384,170,231,2026-06-08T13:16:32.455Z,True,True
Post-AI,384,170,185,2026-06-05T21:19:38.366Z,True,True
Post-AI,384,170,185,2026-06-05T21:14:44.513Z,True,True
Post-AI,374,170,185,2026-06-04T15:23:54.888Z,True,True
Post-AI,374,170,185,2026-06-04T15:23:30.034Z,True,True
Post-AI,374,170,185,2026-06-04T15:21:22.669Z,True,True
Post-AI,374,170,185,2026-06-04T15:19:17.735Z,True,True
Post-AI,374,170,222,2026-06-04T14:10:56.722Z,True,True
Post-AI,374,170,4,2026-06-04T10:52:59.267Z,True,True
Post-AI,374,170,4,2026-06-04T10:52:59.173Z,True,True
Post-AI,374,170,4,2026-06-04T10:52:58.559Z,True,True
Post-AI,374,170,185,2026-06-04T09:19:57.778Z,False,False
Post-AI,372,170,11,2026-06-05T12:48:23.623Z,True,True
Post-AI,372,170,11,2026-06-05T12:47:25.254Z,True,True
Post-AI,372,170,222,2026-06-04T21:42:51.244Z,True,True
Post-AI,372,170,222,2026-06-04T21:41:31.936Z,True,True
Post-AI,372,170,11,2026-06-04T20:50:33.176Z,True,True
Post-AI,372,170,11,2026-06-04T20:50:16.507Z,True,True
Post-AI,372,170,222,2026-06-04T16:09:40.601Z,True,True
Post-AI,372,170,222,2026-06-04T16:09:40.190Z,True,True
Post-AI,372,170,11,2026-06-04T15:12:22.461Z,True,True
Post-AI,372,170,11,2026-06-04T15:07:37.211Z,True,True
Post-AI,372,170,11,2026-06-04T15:02:37.663Z,True,True
Post-AI,372,170,11,2026-06-04T15:02:11.466Z,True,True
Post-AI,372,170,11,2026-06-04T15:01:59.455Z,True,True
Post-AI,372,170,11,2026-06-04T14:51:00.669Z,True,True
Post-AI,372,170,4,2026-06-04T11:38:23.299Z,True,True
Post-AI,372,170,4,2026-06-04T11:38:23.144Z,True,True
Post-AI,372,170,4,2026-06-04T11:38:23.036Z,True,True
Post-AI,372,170,4,2026-06-04T11:38:22.924Z,True,True
Post-AI,372,170,4,2026-06-04T11:38:22.777Z,True,True
Post-AI,372,170,4,2026-06-04T11:38:22.051Z,True,True
Post-AI,367,170,4,2026-06-03T16:50:27.843Z,True,True
Post-AI,367,170,4,2026-06-03T16:35:59.664Z,True,True
Post-AI,367,170,185,2026-06-03T16:25:28.897Z,True,True
Post-AI,367,170,185,2026-06-03T16:05:50.386Z,True,True
Post-AI,364,170,185,2026-06-02T08:02:35.307Z,True,True
Post-AI,364,170,185,2026-06-02T08:00:31.811Z,True,True
Post-AI,364,170,185,2026-06-02T07:51:23.660Z,True,True
Post-AI,364,170,4,2026-06-02T07:24:50.947Z,True,True
Post-AI,364,170,4,2026-06-02T07:16:48.686Z,True,True
Post-AI,364,170,4,2026-06-02T07:09:40.817Z,True,True
Post-AI,364,170,185,2026-06-02T06:53:52.082Z,True,True
Post-AI,364,170,4,2026-06-02T06:48:41.694Z,True,True
Post-AI,361,170,231,2026-06-01T19:39:21.409Z,True,True
Post-AI,361,170,185,2026-06-01T19:37:40.116Z,True,True
Post-AI,361,170,231,2026-06-01T19:21:06.245Z,True,True
Post-AI,361,170,231,2026-06-01T19:15:47.715Z,True,True
Post-AI,361,170,231,2026-06-01T19:15:03.849Z,True,True
Post-AI,361,170,231,2026-06-01T19:12:13.212Z,True,True
Post-AI,361,170,231,2026-06-01T18:55:07.899Z,True,True
Post-AI,361,170,185,2026-06-01T18:29:41.598Z,True,True
Post-AI,361,170,185,2026-06-01T18:11:14.475Z,True,True
Post-AI,361,170,185,2026-06-01T18:07:41.750Z,True,True
Post-AI,361,170,185,2026-06-01T18:06:44.810Z,True,True
Post-AI,361,170,185,2026-06-01T18:03:45.831Z,True,True
Post-AI,358,170,11,2026-06-01T21:23:04.224Z,True,True
Post-AI,358,170,11,2026-06-01T20:54:18.281Z,True,True
Post-AI,358,170,11,2026-06-01T20:16:53.408Z,True,True
Post-AI,358,170,11,2026-06-01T20:16:23.191Z,True,True
Post-AI,358,170,222,2026-06-01T19:58:35.342Z,True,True
Post-AI,358,170,222,2026-06-01T19:58:35.247Z,True,True
Post-AI,358,170,222,2026-06-01T19:58:35.048Z,True,True
Post-AI,358,170,222,2026-06-01T19:49:40.084Z,True,True
Post-AI,358,170,11,2026-06-01T18:25:20.049Z,False,False
Post-AI,358,170,11,2026-06-01T13:05:58.220Z,True,True
Post-AI,358,170,11,2026-06-01T12:28:01.871Z,True,True
Post-AI,358,170,11,2026-06-01T11:59:03.837Z,True,True
Post-AI,358,170,11,2026-06-01T11:58:40.227Z,True,True
Post-AI,358,170,11,2026-06-01T11:58:25.160Z,True,True
Post-AI,358,170,11,2026-06-01T11:58:06.030Z,True,True
Post-AI,358,170,11,2026-06-01T11:57:40.446Z,True,True
Post-AI,358,170,11,2026-06-01T11:57:23.494Z,True,True
Post-AI,358,170,11,2026-06-01T11:49:56.933Z,True,True
Post-AI,358,170,11,2026-06-01T11:48:30.365Z,True,True
Post-AI,358,170,185,2026-05-29T22:05:52.818Z,True,True
Post-AI,358,170,185,2026-05-29T22:04:58.500Z,True,True
Post-AI,358,170,185,2026-05-29T21:56:47.664Z,True,True
Post-AI,358,170,185,2026-05-29T21:52:15.614Z,True,True
Post-AI,358,170,185,2026-05-29T21:52:09.119Z,True,True
Post-AI,358,170,185,2026-05-29T21:51:58.182Z,True,True
Post-AI,358,170,185,2026-05-29T21:51:46.856Z,True,True
Post-AI,358,170,185,2026-05-29T21:51:40.191Z,True,True
Post-AI,358,170,185,2026-05-29T21:51:29.726Z,True,True
Post-AI,358,170,185,2026-05-29T21:50:28.799Z,True,True
Post-AI,352,170,231,2026-05-29T20:31:00.172Z,True,True
Post-AI,352,170,231,2026-05-29T20:29:45.068Z,True,True
Post-AI,352,170,222,2026-05-29T16:50:02.967Z,True,True
Post-AI,352,170,222,2026-05-29T16:50:02.722Z,True,True
Post-AI,352,170,231,2026-05-29T13:42:18.072Z,True,True
Post-AI,352,170,185,2026-05-29T08:27:30.078Z,True,True
Post-AI,352,170,231,2026-05-28T22:44:43.335Z,True,True
Post-AI,352,170,185,2026-05-28T20:58:53.504Z,True,True
Post-AI,352,170,231,2026-05-28T20:16:02.684Z,True,True
Post-AI,352,170,185,2026-05-28T20:04:08.258Z,True,True
Post-AI,350,170,4,2026-05-27T11:12:41.439Z,False,False
Post-AI,350,170,4,2026-05-27T05:24:06.855Z,True,True
Post-AI,350,170,4,2026-05-27T05:21:28.139Z,True,True
Post-AI,350,170,185,2026-05-26T22:44:45.677Z,True,True
Post-AI,350,170,185,2026-05-26T21:57:52.117Z,True,True
Post-AI,350,170,4,2026-05-26T17:07:26.243Z,True,True
Post-AI,350,170,222,2026-05-26T16:50:24.860Z,True,True
Post-AI,346,170,222,2026-05-22T17:44:57.279Z,True,True
Post-AI,346,170,185,2026-05-21T23:19:55.271Z,True,True
Post-AI,345,170,222,2026-05-21T18:01:44.493Z,True,True
Post-AI,345,170,222,2026-05-21T18:01:44.390Z,True,True
Post-AI,345,170,222,2026-05-21T18:01:44.307Z,True,True
Post-AI,345,170,222,2026-05-21T18:01:44.229Z,True,True
Post-AI,345,170,222,2026-05-21T18:01:44.155Z,True,True
Post-AI,345,170,222,2026-05-21T18:01:44.078Z,True,True
Post-AI,345,170,222,2026-05-21T18:01:43.982Z,True,True
Post-AI,345,170,222,2026-05-21T18:01:43.774Z,True,True
Post-AI,344,170,7,2026-05-22T03:56:03.789Z,True,True
Post-AI,344,170,7,2026-05-22T03:45:01.642Z,True,True
Post-AI,344,170,185,2026-05-21T22:08:17.611Z,True,True
Post-AI,344,170,185,2026-05-21T22:07:00.184Z,True,True
Post-AI,344,170,222,2026-05-21T18:07:07.803Z,True,True
Post-AI,330,170,185,2026-05-13T05:01:34.276Z,True,True
Post-AI,330,170,185,2026-05-13T05:01:22.386Z,True,True
Post-AI,330,170,4,2026-05-13T04:31:23.329Z,True,True
Post-AI,330,170,4,2026-05-13T04:31:07.713Z,True,True
Post-AI,330,170,4,2026-05-13T04:29:14.872Z,True,True
Post-AI,330,170,4,2026-05-13T04:20:04.538Z,True,True
Post-AI,329,170,185,2026-06-02T18:11:00.373Z,False,False
Post-AI,329,170,12,2026-05-20T05:37:23.164Z,True,True
Post-AI,329,170,7,2026-05-13T10:48:55.612Z,True,True
Post-AI,328,170,4,2026-05-12T04:30:25.192Z,True,False
Post-AI,316,170,4,2026-05-11T11:03:41.356Z,True,True
Post-AI,316,170,4,2026-05-11T11:03:24.005Z,True,True
Post-AI,316,170,4,2026-05-11T11:03:13.161Z,True,True
Post-AI,316,170,4,2026-05-11T11:03:04.194Z,True,True
Post-AI,316,170,4,2026-05-11T11:02:58.181Z,True,True
Post-AI,316,170,4,2026-05-11T11:02:50.558Z,True,True
Post-AI,316,170,4,2026-05-11T11:02:43.999Z,True,True
Post-AI,316,170,4,2026-05-11T11:02:34.734Z,True,True
Post-AI,316,170,4,2026-05-11T11:02:26.694Z,True,True
Post-AI,316,170,185,2026-05-09T06:41:41.828Z,True,True
Post-AI,316,170,185,2026-05-09T06:41:04.458Z,True,True
Post-AI,316,170,185,2026-05-08T16:35:01.888Z,True,True
Post-AI,316,170,185,2026-05-08T16:23:40.891Z,True,True
Post-AI,316,170,185,2026-05-08T16:23:25.048Z,True,True
Post-AI,316,170,185,2026-05-08T16:22:01.094Z,True,True
Post-AI,316,170,185,2026-05-08T16:20:39.129Z,True,True
Post-AI,316,170,185,2026-05-08T16:20:12.969Z,True,True
Post-AI,316,170,185,2026-05-08T16:18:50.107Z,True,True
Post-AI,316,170,4,2026-05-07T10:52:29.742Z,True,True
Post-AI,316,170,4,2026-05-07T10:46:11.396Z,True,True
Post-AI,316,170,4,2026-05-07T10:41:38.687Z,True,True
Post-AI,316,170,181,2026-05-06T21:42:15.170Z,True,True
Post-AI,316,170,222,2026-05-06T19:00:48.796Z,True,True
Post-AI,316,170,222,2026-05-06T19:00:48.605Z,True,True
Post-AI,312,170,7,2026-05-05T02:44:45.281Z,True,True
Post-AI,312,170,222,2026-05-04T17:02:49.944Z,True,True
Post-AI,309,170,185,2026-05-05T16:40:26.332Z,True,False
Post-AI,309,170,222,2026-05-05T16:12:34.223Z,True,False
Post-AI,306,170,11,2026-04-30T14:43:35.268Z,True,True
Post-AI,306,170,11,2026-04-30T13:28:49.852Z,True,True
Post-AI,306,170,181,2026-04-30T13:23:20.599Z,True,True
Post-AI,306,170,11,2026-04-30T13:17:55.149Z,True,True
Post-AI,306,170,181,2026-04-30T12:52:08.789Z,True,True
Post-AI,306,170,181,2026-04-30T12:47:33.603Z,True,True
Post-AI,305,170,11,2026-04-29T19:41:17.818Z,False,False
Post-AI,303,170,185,2026-04-29T01:09:47.426Z,False,False
Post-AI,303,170,136,2026-04-29T01:09:34.174Z,False,False
Post-AI,302,170,181,2026-04-29T15:40:38.574Z,True,True
Post-AI,302,170,222,2026-04-29T15:17:23.762Z,True,True
Post-AI,302,170,181,2026-04-28T19:43:12.954Z,True,True
Post-AI,301,170,222,2026-04-29T15:10:56.500Z,True,False
Post-AI,301,170,11,2026-04-29T12:53:30.555Z,True,True
Post-AI,301,170,185,2026-04-28T23:51:36.513Z,True,True
Post-AI,301,170,11,2026-04-28T16:58:45.040Z,True,True
Post-AI,301,170,181,2026-04-28T16:53:50.561Z,True,True
Post-AI,300,170,181,2026-06-01T14:41:48.942Z,False,False
Post-AI,300,170,222,2026-06-01T14:33:17.683Z,False,False
Post-AI,300,170,12,2026-06-01T14:15:05.634Z,True,True
Post-AI,300,170,222,2026-05-29T20:51:08.428Z,True,True
Post-AI,300,170,12,2026-05-29T15:38:57.752Z,True,True
Post-AI,300,170,12,2026-05-29T15:37:52.421Z,True,True
Post-AI,300,170,12,2026-05-29T15:37:19.895Z,True,True
Post-AI,300,170,12,2026-05-29T15:36:20.406Z,True,True
Post-AI,300,170,12,2026-05-29T15:35:45.764Z,True,True
Post-AI,300,170,12,2026-05-29T12:14:25.790Z,True,True
Post-AI,300,170,12,2026-05-29T12:14:09.206Z,True,True
Post-AI,300,170,12,2026-05-29T12:08:53.110Z,True,True
Post-AI,300,170,185,2026-05-29T08:12:27.565Z,True,True
Post-AI,300,170,185,2026-05-29T08:10:59.858Z,True,True
Post-AI,300,170,185,2026-05-29T08:07:54.908Z,True,True
Post-AI,300,170,185,2026-05-29T08:04:29.974Z,True,True
Post-AI,300,170,185,2026-05-29T08:04:07.315Z,True,True
Post-AI,300,170,185,2026-05-29T08:03:04.621Z,True,True
Post-AI,300,170,12,2026-05-29T05:57:35.068Z,True,True
Post-AI,300,170,12,2026-05-29T05:57:07.141Z,True,True
Post-AI,300,170,12,2026-05-29T05:55:27.723Z,True,True
Post-AI,300,170,12,2026-05-29T05:53:23.284Z,True,True
Post-AI,300,170,12,2026-05-29T05:52:28.775Z,True,True
Post-AI,300,170,12,2026-05-29T05:51:04.672Z,True,True
Post-AI,300,170,12,2026-05-29T05:42:30.832Z,True,True
Post-AI,300,170,12,2026-05-29T05:35:50.350Z,True,True
Post-AI,300,170,12,2026-05-29T05:35:03.339Z,True,True
Post-AI,300,170,222,2026-05-28T14:31:47.389Z,True,True
Post-AI,300,170,222,2026-05-28T14:31:46.737Z,True,True
Post-AI,300,170,222,2026-05-28T14:24:07.348Z,True,True
Post-AI,300,170,222,2026-05-28T14:24:07.199Z,True,True
Post-AI,300,170,222,2026-05-28T14:24:06.702Z,True,True
Post-AI,300,170,222,2026-05-28T14:15:35.138Z,True,True
Post-AI,300,170,222,2026-05-28T14:15:34.881Z,True,True
Post-AI,300,170,222,2026-05-28T14:15:33.182Z,True,True
Post-AI,300,170,185,2026-05-27T22:51:37.088Z,True,True
Post-AI,300,170,185,2026-05-27T22:50:44.932Z,True,True
Post-AI,300,170,185,2026-05-27T22:26:20.928Z,True,True
Post-AI,300,170,185,2026-05-27T22:00:45.720Z,True,True
Post-AI,300,170,12,2026-05-27T18:31:39.676Z,True,True
Post-AI,300,170,12,2026-05-27T18:28:35.160Z,True,True
Post-AI,300,170,12,2026-05-27T18:27:25.130Z,True,True
Post-AI,300,170,12,2026-05-27T18:26:42.611Z,True,True
Post-AI,300,170,12,2026-05-27T18:25:46.155Z,True,True
Post-AI,300,170,185,2026-05-27T08:15:02.650Z,True,True
Post-AI,300,170,185,2026-05-27T08:06:28.191Z,True,True
Post-AI,300,170,185,2026-05-27T07:57:44.699Z,True,True
Post-AI,300,170,185,2026-05-27T07:57:35.926Z,True,True
Post-AI,300,170,185,2026-05-27T07:56:53.712Z,True,True
Post-AI,300,170,12,2026-05-27T06:22:39.651Z,True,True
Post-AI,300,170,12,2026-05-27T06:21:26.072Z,True,True
Post-AI,300,170,222,2026-05-27T06:08:41.670Z,True,True
Post-AI,300,170,222,2026-05-27T06:04:02.587Z,True,True
Post-AI,300,170,12,2026-05-27T05:28:21.590Z,True,True
Post-AI,300,170,12,2026-05-27T05:27:34.609Z,True,True
Post-AI,300,170,12,2026-05-27T05:26:57.209Z,True,True
Post-AI,300,170,12,2026-05-27T05:25:59.518Z,True,True
Post-AI,300,170,12,2026-05-27T05:23:42.648Z,True,True
Post-AI,300,170,12,2026-05-27T05:22:19.220Z,True,True
Post-AI,300,170,12,2026-05-27T05:18:18.117Z,True,True
Post-AI,300,170,12,2026-05-27T05:16:11.884Z,True,True
Post-AI,300,170,12,2026-05-27T05:10:41.134Z,True,True
Post-AI,300,170,222,2026-05-27T04:30:47.281Z,True,True
Post-AI,300,170,222,2026-05-27T04:30:45.567Z,True,True
Post-AI,300,170,12,2026-05-27T04:28:47.175Z,True,True
Post-AI,300,170,12,2026-05-27T04:27:51.879Z,True,True
Post-AI,300,170,12,2026-05-27T04:26:56.296Z,True,True
Post-AI,300,170,12,2026-05-27T04:26:34.318Z,True,True
Post-AI,300,170,12,2026-05-27T04:24:46.664Z,True,True
Post-AI,300,170,12,2026-05-27T04:23:35.135Z,True,True
Post-AI,300,170,12,2026-05-27T04:21:04.469Z,True,True
Post-AI,300,170,12,2026-05-27T04:20:40.946Z,True,True
Post-AI,300,170,12,2026-05-27T03:20:27.333Z,True,True
Post-AI,300,170,12,2026-05-27T03:16:25.855Z,True,True
Post-AI,300,170,12,2026-05-27T03:15:57.504Z,True,True
Post-AI,300,170,185,2026-05-23T02:40:59.549Z,True,True
Post-AI,300,170,185,2026-05-23T02:37:48.367Z,True,True
Post-AI,300,170,185,2026-05-23T02:34:02.190Z,True,True
Post-AI,300,170,185,2026-05-23T02:31:47.349Z,True,True
Post-AI,300,170,185,2026-05-23T02:29:24.821Z,True,True
Post-AI,300,170,185,2026-05-23T02:25:04.517Z,True,True
Post-AI,300,170,185,2026-05-23T01:23:49.147Z,True,True
Post-AI,300,170,185,2026-05-23T01:21:09.673Z,True,True
Post-AI,300,170,185,2026-05-23T01:19:11.526Z,True,True
Post-AI,300,170,185,2026-05-12T07:09:57.598Z,True,True
Post-AI,300,170,185,2026-05-12T07:09:11.636Z,True,True
Post-AI,300,170,185,2026-05-12T07:07:05.310Z,True,True
Post-AI,300,170,185,2026-05-12T06:57:44.847Z,True,True
Post-AI,300,170,185,2026-05-12T06:56:20.881Z,True,True
Post-AI,300,170,185,2026-05-12T06:55:49.833Z,True,True
Post-AI,300,170,185,2026-05-12T06:40:31.793Z,True,True
Post-AI,300,170,185,2026-05-12T06:38:29.581Z,True,True
Post-AI,300,170,11,2026-04-30T14:24:33.921Z,True,True
Post-AI,300,170,185,2026-04-30T06:34:16.024Z,True,True
Post-AI,300,170,185,2026-04-30T06:30:24.040Z,False,False
Post-AI,300,170,12,2026-04-29T11:33:46.382Z,True,True
Post-AI,300,170,12,2026-04-29T11:11:09.763Z,True,True
Post-AI,300,170,12,2026-04-29T11:07:03.405Z,True,True
Post-AI,300,170,181,2026-04-28T16:15:20.145Z,True,True
Post-AI,300,170,181,2026-04-28T16:12:19.831Z,True,True
Post-AI,300,170,222,2026-04-27T19:20:16.685Z,True,True
Post-AI,297,170,7,2026-04-27T05:27:13.631Z,True,True
Post-AI,297,170,7,2026-04-27T05:24:13.174Z,True,True
Post-AI,297,170,7,2026-04-27T05:23:36.837Z,True,True
Post-AI,297,170,185,2026-04-27T05:14:38.869Z,True,True
Post-AI,297,170,185,2026-04-27T05:11:45.566Z,True,True
Post-AI,297,170,185,2026-04-27T05:09:11.064Z,True,True
Post-AI,296,170,11,2026-04-23T18:26:24.074Z,True,True
Post-AI,296,170,11,2026-04-23T18:17:27.834Z,True,True
Post-AI,296,170,11,2026-04-23T17:47:45.517Z,True,True
Post-AI,296,170,11,2026-04-23T17:47:35.630Z,True,True
Post-AI,296,170,11,2026-04-23T17:47:28.999Z,True,True
Post-AI,296,170,11,2026-04-23T17:31:37.453Z,True,True
Post-AI,296,170,11,2026-04-23T17:30:47.202Z,True,True
Post-AI,296,170,11,2026-04-23T17:28:28.494Z,True,True
Post-AI,296,170,222,2026-04-23T17:22:12.899Z,True,True
Post-AI,296,170,222,2026-04-23T17:22:12.674Z,True,True
Post-AI,296,170,222,2026-04-23T17:20:58.703Z,True,True
Post-AI,296,170,222,2026-04-23T17:17:08.937Z,True,True
Post-AI,296,170,222,2026-04-23T17:17:08.859Z,True,True
Post-AI,296,170,222,2026-04-23T17:17:08.310Z,True,True
Post-AI,296,170,181,2026-04-23T17:11:26.549Z,True,True
Post-AI,296,170,11,2026-04-23T17:08:29.421Z,True,True
Post-AI,296,170,181,2026-04-23T15:58:41.179Z,True,True
Post-AI,296,170,11,2026-04-23T15:54:04.604Z,True,True
Post-AI,296,170,181,2026-04-23T15:49:45.103Z,True,True
Post-AI,296,170,181,2026-04-23T15:49:44.548Z,True,True
Post-AI,296,170,11,2026-04-22T21:40:45.194Z,True,True
Post-AI,296,170,185,2026-04-22T21:18:21.342Z,True,True
Post-AI,294,170,7,2026-04-22T02:35:51.303Z,True,True
Post-AI,294,170,185,2026-04-22T01:07:46.619Z,True,True
Post-AI,293,170,185,2026-04-21T00:06:10.469Z,False,False
Post-AI,293,170,136,2026-04-20T23:58:02.826Z,False,False
Post-AI,289,170,4,2026-04-21T10:42:38.577Z,True,True
Post-AI,289,170,4,2026-04-21T10:42:24.834Z,True,True
Post-AI,289,170,4,2026-04-21T10:40:47.688Z,True,True
Post-AI,289,170,4,2026-04-21T10:39:09.543Z,True,True
Post-AI,289,170,4,2026-04-21T10:37:53.415Z,True,True
Post-AI,289,170,185,2026-04-20T23:47:33.924Z,True,True
Post-AI,289,170,185,2026-04-20T23:44:12.198Z,True,True
Post-AI,289,170,185,2026-04-20T23:42:06.413Z,True,True
Post-AI,289,170,185,2026-04-20T23:39:32.800Z,True,True
Post-AI,289,170,185,2026-04-20T23:36:23.638Z,True,True
Post-AI,286,170,7,2026-04-16T06:41:32.016Z,True,True
Post-AI,286,170,185,2026-04-16T06:27:28.069Z,True,True
Post-AI,280,170,12,2026-04-16T15:25:54.782Z,True,True
Post-AI,280,170,12,2026-04-16T15:25:38.607Z,True,True
Post-AI,280,170,12,2026-04-16T15:25:23.363Z,True,True
Post-AI,280,170,11,2026-04-16T13:39:41.247Z,False,False
Post-AI,280,170,222,2026-04-15T20:43:29.777Z,True,True
Post-AI,280,170,222,2026-04-15T20:43:29.685Z,True,True
Post-AI,280,170,222,2026-04-15T20:43:29.464Z,True,True
Post-AI,275,170,222,2026-04-13T14:53:33.590Z,True,True
Post-AI,275,170,185,2026-04-13T14:45:35.351Z,True,True
Post-AI,274,170,11,2026-04-13T17:00:35.991Z,True,True
Post-AI,274,170,222,2026-04-13T01:58:33.050Z,True,True
Post-AI,270,170,222,2026-04-09T18:27:45.762Z,True,True
Post-AI,270,170,7,2026-04-09T04:59:37.404Z,True,True
Post-AI,265,170,7,2026-04-08T03:18:16.349Z,True,True
Post-AI,265,170,7,2026-04-08T03:17:51.289Z,True,True
Post-AI,265,170,185,2026-04-07T22:05:42.980Z,True,True
Post-AI,265,170,185,2026-04-07T21:58:14.218Z,True,True
Post-AI,264,170,4,2026-04-07T03:00:16.466Z,True,True
Post-AI,264,170,4,2026-04-07T02:55:56.318Z,True,True
Post-AI,264,170,4,2026-04-07T02:52:00.320Z,True,True
Post-AI,264,170,4,2026-04-07T02:49:01.819Z,True,True
Post-AI,264,170,185,2026-04-06T23:05:07.435Z,True,True
Post-AI,264,170,185,2026-04-06T23:00:34.131Z,True,True
Post-AI,264,170,222,2026-04-06T16:16:44.647Z,True,True
Post-AI,263,170,185,2026-04-06T17:20:25.566Z,True,True
Post-AI,263,170,185,2026-04-06T17:12:17.907Z,True,True
Post-AI,263,170,185,2026-04-06T17:02:42.651Z,True,True
Post-AI,263,170,222,2026-04-06T16:53:18.224Z,True,True
Post-AI,263,170,222,2026-04-06T16:53:18.126Z,True,True
Post-AI,263,170,222,2026-04-06T16:53:17.988Z,True,True
Post-AI,263,170,222,2026-04-06T16:53:17.708Z,True,True
Post-AI,263,170,185,2026-04-06T16:51:46.598Z,True,True
Post-AI,263,170,185,2026-04-06T16:51:38.785Z,True,True
Post-AI,263,170,185,2026-04-06T16:44:17.637Z,True,True
Post-AI,263,170,222,2026-04-06T16:25:43.685Z,True,True
Post-AI,263,170,222,2026-04-06T16:25:43.136Z,True,True
Post-AI,263,170,222,2026-04-06T16:23:28.208Z,True,True
Post-AI,262,170,220,2026-04-10T17:33:28.236Z,True,True
Post-AI,262,170,222,2026-04-10T17:01:34.030Z,True,True
Post-AI,262,170,222,2026-04-10T17:01:33.811Z,True,True
Post-AI,262,170,185,2026-04-06T16:33:33.805Z,True,True
Post-AI,262,170,185,2026-04-06T16:31:58.062Z,True,True
Post-AI,262,170,185,2026-04-06T16:31:37.303Z,True,True
Post-AI,261,170,11,2026-04-09T17:52:22.047Z,True,True
Post-AI,261,170,11,2026-04-09T16:02:27.841Z,True,True
Post-AI,261,170,11,2026-04-09T15:34:35.465Z,True,True
Post-AI,261,170,11,2026-04-09T15:29:17.665Z,True,True
Post-AI,261,170,11,2026-04-09T15:17:50.211Z,True,True
Post-AI,261,170,11,2026-04-09T15:16:54.304Z,True,True
Post-AI,261,170,222,2026-04-09T14:51:28.511Z,True,True
Post-AI,261,170,222,2026-04-09T14:51:28.357Z,True,True
Post-AI,261,170,222,2026-04-09T14:51:28.249Z,True,True
Post-AI,261,170,222,2026-04-09T14:51:28.126Z,True,True
Post-AI,261,170,222,2026-04-09T14:51:27.915Z,True,True
Post-AI,261,170,222,2026-04-09T14:13:05.027Z,True,True
Post-AI,261,170,11,2026-04-08T19:58:34.981Z,True,True
Post-AI,261,170,11,2026-04-08T19:57:47.627Z,True,True
Post-AI,261,170,11,2026-04-08T19:56:23.845Z,True,True
Post-AI,261,170,185,2026-04-06T23:18:29.351Z,True,True
Post-AI,261,170,185,2026-04-06T23:16:20.864Z,True,True
Post-AI,261,170,185,2026-04-06T23:14:40.488Z,True,True
Post-AI,260,170,222,2026-04-01T22:45:30.483Z,False,False
Post-AI,257,170,11,2026-04-01T23:43:56.331Z,True,True
Post-AI,257,170,222,2026-04-01T23:22:16.567Z,True,True
Post-AI,257,170,11,2026-04-01T22:06:27.298Z,True,True
Post-AI,257,170,11,2026-04-01T22:05:39.624Z,True,True
Post-AI,257,170,222,2026-04-01T20:41:51.707Z,True,True
Post-AI,257,170,222,2026-04-01T20:41:51.444Z,True,True
Post-AI,257,170,11,2026-04-01T16:11:35.931Z,True,True
Post-AI,257,170,181,2026-04-01T15:48:23.481Z,True,True
Post-AI,257,170,11,2026-04-01T15:34:39.460Z,False,False
Post-AI,257,170,11,2026-04-01T15:34:39.342Z,False,False
Post-AI,257,170,11,2026-04-01T15:34:39.288Z,False,False
Post-AI,257,170,11,2026-04-01T15:34:39.197Z,True,True
Post-AI,257,170,11,2026-04-01T15:34:38.939Z,True,True
Post-AI,257,170,11,2026-04-01T15:34:38.818Z,True,True
Post-AI,257,170,11,2026-04-01T15:34:38.561Z,True,True
Post-AI,257,170,11,2026-04-01T15:26:03.279Z,True,True
Post-AI,257,170,11,2026-04-01T15:25:32.477Z,True,True
Post-AI,257,170,7,2026-03-31T04:47:48.441Z,True,True
Post-AI,257,170,7,2026-03-31T04:37:51.815Z,True,True
Post-AI,257,170,4,2026-03-30T11:44:55.624Z,True,True
Post-AI,257,170,4,2026-03-30T11:43:50.385Z,True,True
Post-AI,257,170,4,2026-03-30T11:36:06.417Z,True,True
Post-AI,257,170,4,2026-03-30T11:34:18.976Z,True,True
Post-AI,257,170,11,2026-03-27T21:44:14.072Z,False,False
Post-AI,256,170,4,2026-03-30T09:30:33.443Z,False,False
Post-AI,256,170,222,2026-03-27T23:05:58.192Z,True,False
Post-AI,255,170,7,2026-03-31T03:32:11.189Z,True,True
Post-AI,255,170,7,2026-03-31T03:32:02.058Z,True,True
Post-AI,255,170,7,2026-03-31T03:31:56.226Z,True,True
Post-AI,255,170,7,2026-03-31T03:31:49.878Z,True,True
Post-AI,255,170,7,2026-03-31T03:31:35.432Z,True,True
Post-AI,255,170,222,2026-03-31T02:51:30.189Z,True,True
Post-AI,255,170,222,2026-03-31T02:51:05.767Z,True,True
Post-AI,255,170,222,2026-03-31T02:46:08.955Z,True,True
Post-AI,255,170,222,2026-03-31T02:44:49.356Z,True,True
Post-AI,255,170,222,2026-03-31T02:17:08.035Z,True,True
Post-AI,255,170,185,2026-03-30T18:20:05.934Z,False,False
Post-AI,255,170,7,2026-03-30T04:09:52.675Z,True,True
Post-AI,255,170,7,2026-03-30T04:09:04.957Z,True,True
Post-AI,255,170,7,2026-03-30T04:08:30.530Z,True,True
Post-AI,255,170,185,2026-03-27T17:37:32.341Z,True,True
Post-AI,255,170,185,2026-03-27T17:35:05.588Z,True,True
Post-AI,255,170,185,2026-03-27T17:27:31.312Z,True,True
Post-AI,254,170,4,2026-03-31T02:51:10.130Z,True,True
Post-AI,254,170,222,2026-03-31T00:56:44.106Z,True,True
Post-AI,253,170,185,2026-03-30T16:16:30.637Z,False,False
Post-AI,253,170,222,2026-03-30T04:12:23.574Z,True,True
Post-AI,253,170,222,2026-03-30T04:09:39.641Z,True,True
Post-AI,253,170,222,2026-03-30T04:08:53.087Z,True,True
Post-AI,253,170,7,2026-03-30T03:04:21.955Z,True,True
Post-AI,253,170,4,2026-03-30T03:01:59.378Z,True,True
Post-AI,253,170,222,2026-03-27T19:33:05.428Z,True,True
Post-AI,253,170,222,2026-03-27T19:32:33.359Z,True,True
Post-AI,253,170,222,2026-03-27T19:32:28.827Z,True,True
Post-AI,253,170,222,2026-03-27T19:32:21.329Z,True,True
Post-AI,253,170,222,2026-03-27T19:32:10.033Z,True,True
Post-AI,253,170,222,2026-03-27T19:31:58.611Z,True,True
Post-AI,253,170,4,2026-03-27T12:40:53.321Z,True,True
Post-AI,253,170,4,2026-03-27T12:36:56.232Z,True,True
Post-AI,253,170,4,2026-03-27T12:32:51.273Z,True,True
Post-AI,253,170,4,2026-03-27T12:30:17.018Z,True,True
Post-AI,253,170,4,2026-03-27T11:58:50.862Z,True,True
Post-AI,253,170,185,2026-03-27T05:36:25.807Z,True,True
Post-AI,253,170,185,2026-03-27T05:26:10.999Z,True,True
Post-AI,249,170,12,2026-03-27T05:51:57.118Z,True,True
Post-AI,249,170,12,2026-03-27T05:51:48.823Z,True,True
Post-AI,249,170,12,2026-03-27T05:51:40.143Z,True,True
Post-AI,249,170,12,2026-03-27T05:51:29.538Z,True,True
Post-AI,249,170,12,2026-03-27T05:51:10.626Z,True,True
Post-AI,249,170,7,2026-03-27T05:08:19.996Z,True,True
Post-AI,249,170,185,2026-03-27T02:22:29.455Z,False,False
Post-AI,249,170,185,2026-03-27T02:20:28.048Z,True,True
Post-AI,249,170,185,2026-03-27T02:18:41.866Z,True,True
Post-AI,249,170,185,2026-03-27T02:11:54.332Z,True,True
Post-AI,249,170,185,2026-03-27T02:08:54.523Z,True,True
Post-AI,249,170,185,2026-03-27T02:01:55.998Z,True,True
Post-AI,249,170,12,2026-03-26T17:08:14.962Z,True,True
Post-AI,249,170,12,2026-03-26T17:08:00.655Z,True,True
Post-AI,249,170,185,2026-03-26T06:54:53.549Z,True,True
Post-AI,249,170,185,2026-03-26T06:15:14.493Z,True,True
Post-AI,247,170,7,2026-03-25T10:33:35.444Z,False,False
Post-AI,247,170,222,2026-03-23T19:14:50.529Z,True,True
Post-AI,247,170,185,2026-03-23T17:17:42.383Z,True,True
Post-AI,246,170,7,2026-03-23T16:07:56.665Z,True,True
Post-AI,246,170,7,2026-03-23T16:07:33.115Z,True,True
Post-AI,246,170,7,2026-03-23T16:07:05.429Z,True,True
Post-AI,246,170,222,2026-03-23T15:51:57.149Z,True,True
Post-AI,246,170,222,2026-03-23T15:51:57.051Z,True,True
Post-AI,246,170,222,2026-03-23T15:51:56.891Z,True,True
Post-AI,243,170,4,2026-03-23T14:44:16.418Z,True,True
Post-AI,243,170,222,2026-03-22T04:19:48.113Z,True,True
Post-AI,242,170,12,2026-03-17T11:09:48.767Z,True,True
Post-AI,242,170,12,2026-03-17T11:09:33.929Z,True,True
Post-AI,242,170,12,2026-03-17T11:09:07.943Z,True,True
Post-AI,242,170,12,2026-03-17T11:07:39.096Z,True,True
Post-AI,242,170,12,2026-03-17T11:07:25.972Z,True,True
Post-AI,242,170,185,2026-03-16T18:11:01.424Z,True,True
Post-AI,242,170,185,2026-03-16T17:57:13.843Z,True,True
Post-AI,242,170,185,2026-03-16T17:53:57.598Z,True,True
Post-AI,242,170,185,2026-03-16T17:50:01.322Z,True,True
Post-AI,242,170,185,2026-03-16T16:45:16.873Z,True,True
Post-AI,240,170,4,2026-03-16T04:13:19.035Z,True,True
Post-AI,240,170,4,2026-03-16T04:13:08.538Z,True,True
Post-AI,240,170,4,2026-03-16T03:52:02.992Z,True,True
Post-AI,240,170,222,2026-03-16T03:34:29.879Z,True,True
Post-AI,240,170,222,2026-03-16T03:34:29.775Z,True,True
Post-AI,240,170,222,2026-03-16T03:34:29.242Z,True,True
Post-AI,238,170,185,2026-03-13T07:00:13.381Z,True,True
Post-AI,238,170,7,2026-03-13T06:47:35.076Z,True,True
Post-AI,238,170,7,2026-03-13T06:47:15.694Z,True,True
Post-AI,238,170,7,2026-03-13T06:41:57.012Z,True,True
Post-AI,238,170,7,2026-03-13T06:41:29.859Z,True,True
Post-AI,238,170,7,2026-03-13T06:38:56.119Z,True,True
Post-AI,238,170,185,2026-03-13T06:23:43.877Z,True,True
Post-AI,238,170,185,2026-03-13T06:21:54.487Z,True,True
Post-AI,238,170,185,2026-03-13T06:15:28.131Z,True,True
Post-AI,238,170,185,2026-03-13T06:13:48.828Z,True,True
Post-AI,238,170,185,2026-03-13T06:11:38.609Z,True,True
Post-AI,237,170,4,2026-03-12T10:55:30.032Z,True,True
Post-AI,237,170,4,2026-03-12T10:52:39.111Z,True,True
Post-AI,237,170,4,2026-03-12T10:52:27.069Z,True,True
Post-AI,237,170,4,2026-03-12T10:51:48.963Z,True,True
Post-AI,237,170,4,2026-03-12T10:51:34.070Z,True,True
Post-AI,237,170,4,2026-03-12T10:51:18.968Z,True,True
Post-AI,237,170,185,2026-03-12T07:06:09.048Z,True,True
Post-AI,237,170,185,2026-03-12T07:04:26.606Z,True,True
Post-AI,237,170,185,2026-03-12T07:01:38.257Z,True,True
Post-AI,237,170,185,2026-03-12T06:57:49.484Z,True,True
Post-AI,237,170,185,2026-03-12T06:51:52.622Z,True,True
Post-AI,237,170,185,2026-03-12T06:49:21.926Z,True,True
Post-AI,236,170,222,2026-03-10T18:50:54.776Z,True,True
Post-AI,236,170,222,2026-03-10T18:50:46.612Z,True,True
Post-AI,236,170,222,2026-03-10T17:57:58.580Z,True,True
Post-AI,236,170,222,2026-03-10T17:57:22.335Z,True,True
Post-AI,236,170,222,2026-03-10T17:47:49.700Z,True,True
Post-AI,236,170,185,2026-03-10T16:31:37.545Z,True,True
Post-AI,236,170,185,2026-03-10T16:31:26.720Z,True,True
Post-AI,236,170,185,2026-03-10T16:25:39.816Z,True,True
Post-AI,236,170,185,2026-03-10T16:12:11.844Z,True,True
Post-AI,236,170,185,2026-03-10T16:10:24.887Z,True,True
Post-AI,236,170,222,2026-03-10T15:22:16.668Z,True,True
Post-AI,236,170,7,2026-03-10T05:28:10.758Z,True,True
Post-AI,233,170,7,2026-03-10T04:40:45.353Z,True,True
Post-AI,233,170,4,2026-03-10T04:20:59.908Z,True,True
Post-AI,233,170,185,2026-03-10T03:52:56.642Z,True,True
Post-AI,233,170,7,2026-03-10T03:49:18.927Z,True,True
Post-AI,233,170,185,2026-03-10T03:28:35.139Z,True,True
Post-AI,233,170,7,2026-03-10T03:20:57.502Z,True,True
Post-AI,233,170,7,2026-03-10T03:20:47.841Z,True,True
Post-AI,233,170,7,2026-03-10T03:20:40.909Z,True,True
Post-AI,233,170,7,2026-03-10T03:20:33.124Z,True,True
Post-AI,233,170,7,2026-03-10T03:20:20.333Z,True,True
Post-AI,233,170,7,2026-03-10T03:20:12.022Z,True,True
Post-AI,233,170,7,2026-03-10T03:16:07.451Z,True,True
Post-AI,233,170,185,2026-03-10T00:13:12.949Z,True,True
Post-AI,233,170,185,2026-03-10T00:13:05.442Z,True,True
Post-AI,233,170,185,2026-03-10T00:09:11.891Z,True,True
Post-AI,233,170,185,2026-03-10T00:01:31.392Z,True,True
Post-AI,233,170,185,2026-03-10T00:01:05.868Z,True,True
Post-AI,233,170,185,2026-03-09T23:54:56.493Z,True,True
Post-AI,233,170,222,2026-03-09T19:54:17.501Z,True,True
Post-AI,233,170,7,2026-03-03T07:10:06.195Z,False,False
Post-AI,232,170,185,2026-03-02T09:06:54.410Z,False,False
Post-AI,223,170,222,2026-02-19T15:47:42.627Z,True,False
Post-AI,223,170,7,2026-02-19T09:39:46.193Z,True,False
Post-AI,222,170,12,2026-02-23T05:45:54.489Z,True,True
Post-AI,222,170,185,2026-02-20T22:13:35.464Z,False,False
Post-AI,222,170,185,2026-02-20T21:48:42.466Z,True,True
Post-AI,222,170,12,2026-02-20T11:50:00.129Z,True,True
Post-AI,222,170,12,2026-02-20T11:48:43.437Z,True,True
Post-AI,222,170,12,2026-02-20T11:47:02.473Z,True,True
Post-AI,222,170,12,2026-02-20T11:46:34.836Z,True,True
Post-AI,222,170,12,2026-02-20T11:45:09.889Z,True,True
Post-AI,222,170,12,2026-02-20T11:44:02.879Z,True,True
Post-AI,222,170,12,2026-02-20T11:39:04.149Z,True,True
Post-AI,222,170,12,2026-02-20T11:37:55.727Z,True,True
Post-AI,222,170,12,2026-02-20T11:33:33.202Z,True,True
Post-AI,222,170,12,2026-02-20T11:18:56.699Z,True,True
Post-AI,222,170,12,2026-02-20T09:20:25.075Z,True,True
Post-AI,222,170,7,2026-02-20T07:16:54.740Z,True,True
Post-AI,222,170,185,2026-02-20T00:50:28.148Z,True,True
Post-AI,222,170,185,2026-02-20T00:41:01.546Z,True,True
Post-AI,222,170,185,2026-02-20T00:37:59.926Z,True,True
Post-AI,222,170,185,2026-02-20T00:36:33.906Z,True,True
Post-AI,222,170,185,2026-02-20T00:35:01.597Z,True,True
Post-AI,222,170,185,2026-02-20T00:19:55.266Z,True,True
Post-AI,222,170,185,2026-02-20T00:13:53.349Z,True,True
Post-AI,222,170,185,2026-02-20T00:10:12.834Z,True,True
Post-AI,222,170,185,2026-02-20T00:04:40.565Z,True,True
Post-AI,222,170,185,2026-02-20T00:04:24.147Z,True,True
Post-AI,222,170,185,2026-02-19T20:59:41.010Z,True,True
Post-AI,222,170,185,2026-02-19T20:54:08.477Z,True,True
Post-AI,222,170,12,2026-02-18T10:55:45.351Z,True,True
Post-AI,222,170,12,2026-02-18T10:54:53.451Z,False,False
Post-AI,222,170,12,2026-02-18T10:32:49.812Z,True,True
Post-AI,222,170,12,2026-02-18T10:22:54.399Z,True,True
Post-AI,222,170,12,2026-02-18T10:18:02.127Z,True,True
Post-AI,222,170,12,2026-02-18T10:16:58.476Z,True,True
Post-AI,222,170,12,2026-02-18T10:14:27.833Z,True,True
Post-AI,222,170,12,2026-02-18T10:13:13.547Z,True,True
Post-AI,222,170,12,2026-02-18T10:11:51.499Z,True,True
Post-AI,222,170,12,2026-02-18T10:08:04.028Z,True,True
Post-AI,222,170,12,2026-02-18T10:05:37.986Z,True,True
Post-AI,222,170,12,2026-02-18T10:04:01.280Z,True,True
Post-AI,222,170,12,2026-02-18T10:02:46.772Z,True,True
Post-AI,222,170,12,2026-02-18T10:01:04.815Z,True,True
Post-AI,222,170,12,2026-02-18T10:00:06.485Z,True,True
Post-AI,222,170,12,2026-02-18T06:46:51.044Z,True,True
Post-AI,222,170,185,2026-02-17T22:07:02.254Z,False,False
Post-AI,222,170,185,2026-02-17T22:04:12.517Z,True,True
Post-AI,222,170,185,2026-02-17T22:01:55.506Z,True,True
Post-AI,222,170,185,2026-02-17T22:01:37.546Z,True,True
Post-AI,222,170,185,2026-02-17T21:58:18.301Z,True,True
Post-AI,222,170,185,2026-02-17T21:55:05.843Z,True,True
Post-AI,222,170,185,2026-02-17T21:54:53.164Z,True,True
Post-AI,222,170,185,2026-02-17T21:53:38.450Z,True,True
Post-AI,222,170,185,2026-02-17T21:51:19.481Z,True,True
Post-AI,222,170,185,2026-02-17T21:48:49.528Z,True,True
Post-AI,222,170,185,2026-02-17T21:46:32.385Z,True,True
Post-AI,222,170,185,2026-02-17T21:42:23.530Z,True,True
Post-AI,222,170,185,2026-02-17T21:40:53.700Z,True,True
Post-AI,222,170,185,2026-02-17T21:34:48.676Z,True,True
Post-AI,222,170,185,2026-02-17T21:33:48.909Z,True,True
Post-AI,222,170,185,2026-02-17T21:29:31.496Z,True,True
Post-AI,222,170,185,2026-02-17T21:28:02.460Z,True,True
Post-AI,221,170,185,2026-02-18T07:15:28.566Z,False,False
Post-AI,221,170,7,2026-02-18T03:50:58.582Z,True,True
Post-AI,221,170,7,2026-02-18T03:50:47.385Z,True,True
Post-AI,221,170,7,2026-02-18T03:34:18.556Z,True,True
Post-AI,221,170,7,2026-02-18T03:31:34.144Z,True,True
Post-AI,221,170,7,2026-02-18T03:29:13.482Z,True,True
Post-AI,221,170,7,2026-02-18T03:28:50.830Z,True,True
Post-AI,221,170,7,2026-02-18T02:59:37.231Z,True,True
Post-AI,221,170,185,2026-02-17T21:17:55.676Z,False,False
Post-AI,221,170,185,2026-02-17T21:13:29.324Z,True,True
Post-AI,221,170,185,2026-02-17T21:12:31.372Z,True,True
Post-AI,221,170,185,2026-02-17T20:37:39.439Z,True,True
Post-AI,221,170,185,2026-02-17T20:31:13.227Z,True,True
Post-AI,221,170,185,2026-02-17T20:18:15.354Z,True,True
Post-AI,221,170,185,2026-02-17T20:17:51.162Z,True,True
Post-AI,221,170,185,2026-02-17T20:13:53.260Z,True,True
Post-AI,213,170,209,2026-02-06T19:10:06.785Z,True,False
Post-AI,213,170,222,2026-02-06T19:01:49.229Z,True,False
Post-AI,213,170,209,2026-02-06T18:30:31.127Z,True,True
Post-AI,213,170,185,2026-02-06T17:55:34.401Z,True,True
Post-AI,211,170,222,2026-02-06T19:34:14.544Z,True,False
Post-AI,211,170,209,2026-02-05T20:03:24.583Z,True,False
Post-AI,209,170,185,2026-03-19T17:06:44.200Z,True,False
Post-AI,209,170,185,2026-03-19T17:04:45.945Z,True,False
Post-AI,209,170,185,2026-03-19T16:58:45.798Z,True,False
Post-AI,209,170,7,2026-02-13T13:08:58.944Z,True,False
Post-AI,209,170,209,2026-02-12T20:44:58.367Z,True,False
Post-AI,209,170,7,2026-02-12T09:03:00.750Z,True,False
Post-AI,207,170,138,2026-02-03T22:22:23.136Z,True,False
Post-AI,207,170,209,2026-02-02T21:37:20.105Z,True,False
Post-AI,207,170,185,2026-02-02T19:33:40.688Z,True,False
Post-AI,207,170,222,2026-02-02T17:26:55.343Z,True,True
Post-AI,207,170,209,2026-02-02T17:25:15.136Z,True,True
Post-AI,207,170,222,2026-02-02T16:49:56.303Z,True,True
Post-AI,207,170,209,2026-02-02T16:46:36.391Z,True,False
Post-AI,207,170,222,2026-02-02T16:38:11.071Z,True,False
Post-AI,205,170,209,2026-02-03T14:32:01.547Z,True,False
Post-AI,205,170,4,2026-02-03T06:10:52.870Z,True,False
Post-AI,204,170,222,2026-01-30T02:56:24.415Z,True,True
Post-AI,204,170,209,2026-01-30T01:30:24.521Z,True,True
Post-AI,201,170,209,2026-01-28T18:31:50.839Z,False,False
Post-AI,197,170,222,2026-01-27T21:13:35.031Z,True,True
Post-AI,197,170,209,2026-01-27T20:53:49.661Z,True,True
Post-AI,197,170,209,2026-01-27T20:53:39.043Z,True,True
Post-AI,196,170,222,2026-01-28T18:38:47.828Z,True,False
Post-AI,196,170,185,2026-01-27T21:33:33.180Z,True,False
Post-AI,192,170,209,2026-01-23T18:07:42.287Z,False,False
Post-AI,192,170,185,2026-01-23T17:41:27.222Z,True,True
Post-AI,192,170,185,2026-01-23T17:40:10.698Z,True,True
Post-AI,192,170,185,2026-01-23T17:39:20.711Z,True,True
Post-AI,192,170,185,2026-01-23T17:29:56.752Z,True,True
Post-AI,192,170,185,2026-01-23T17:27:14.749Z,True,True
Post-AI,192,170,185,2026-01-23T17:24:17.916Z,True,True
Post-AI,191,170,7,2026-01-23T07:36:32.847Z,True,True
Post-AI,191,170,7,2026-01-23T07:36:03.176Z,True,True
Post-AI,191,170,7,2026-01-23T07:34:02.127Z,True,True
Post-AI,191,170,7,2026-01-23T07:32:29.223Z,True,True
Post-AI,191,170,4,2026-01-23T06:52:06.062Z,True,True
Post-AI,191,170,4,2026-01-23T06:43:51.391Z,True,True
Post-AI,191,170,4,2026-01-23T06:38:26.117Z,True,True
Post-AI,191,170,4,2026-01-23T06:32:17.579Z,True,True
Post-AI,190,170,209,2026-01-22T14:55:36.645Z,False,False
Post-AI,190,170,7,2026-01-22T09:39:10.583Z,False,False
Post-AI,189,170,185,2026-01-20T21:50:06.550Z,False,False
Post-AI,189,170,209,2026-01-19T14:53:10.299Z,False,False
Post-AI,189,170,209,2026-01-19T14:48:56.226Z,True,False
Post-AI,189,170,185,2026-01-16T22:46:40.950Z,True,False
Post-AI,189,170,185,2026-01-16T22:45:54.584Z,True,False
Post-AI,189,170,185,2026-01-16T22:44:32.155Z,True,False
Post-AI,189,170,185,2026-01-16T22:43:47.321Z,True,False
Post-AI,189,170,185,2026-01-16T22:43:11.333Z,True,False
Post-AI,189,170,185,2026-01-16T22:42:30.289Z,True,False
Post-AI,189,170,185,2026-01-16T22:37:44.903Z,True,False
Pre-AI,14,157,185,2026-01-13T06:16:27.282Z,True,False
Pre-AI,7,177,7,2025-08-25T08:56:22.833Z,False,False
Post-AI,120,157,185,2026-05-21T05:25:57.981Z,True,True
Post-AI,120,157,4,2026-05-21T05:17:45.624Z,True,True
Post-AI,120,157,185,2026-05-21T05:17:36.221Z,True,True
Post-AI,120,157,4,2026-05-21T05:15:49.441Z,True,True
Post-AI,100,157,181,2026-04-19T14:40:56.565Z,False,False
Post-AI,99,157,181,2026-04-19T02:30:01.182Z,False,False
Post-AI,98,157,181,2026-04-19T02:21:22.732Z,False,False
Post-AI,87,157,185,2026-04-02T05:40:52.075Z,True,False
Post-AI,87,157,4,2026-04-02T05:18:02.459Z,True,False
Post-AI,83,157,185,2026-04-01T01:32:51.972Z,False,False
Post-AI,83,157,11,2026-03-31T20:24:45.849Z,False,False
Post-AI,82,157,4,2026-03-31T09:38:12.729Z,True,False
Post-AI,43,157,185,2026-02-06T03:52:42.089Z,False,False
Post-AI,42,157,185,2026-02-06T03:32:04.947Z,False,False
Post-AI,39,157,185,2026-02-03T07:46:05.906Z,True,False
Post-AI,39,157,4,2026-02-03T07:36:54.397Z,True,False
Post-AI,39,157,185,2026-02-03T07:17:02.388Z,True,False
Post-AI,39,157,4,2026-02-03T06:56:04.930Z,True,False
Post-AI,32,157,4,2026-01-30T08:35:09.127Z,True,False
Post-AI,32,157,4,2026-01-30T08:33:02.544Z,True,False
Post-AI,32,157,4,2026-01-30T08:29:40.934Z,True,False
Post-AI,125,220,12,2026-07-01T09:30:26.575Z,False,False
Post-AI,125,220,11,2026-06-30T17:25:18.636Z,False,False
Post-AI,113,220,7,2026-06-24T15:30:58.551Z,True,True
Post-AI,113,220,222,2026-06-24T15:09:10.390Z,True,True
Post-AI,91,220,7,2026-06-09T16:02:13.539Z,True,True
Post-AI,91,220,222,2026-06-09T14:53:53.871Z,True,True
Post-AI,77,220,4,2026-06-03T14:10:36.040Z,False,False
Post-AI,77,220,4,2026-06-03T14:10:34.949Z,True,True
Post-AI,77,220,222,2026-06-03T00:19:51.360Z,True,True
Post-AI,76,220,4,2026-06-02T05:14:12.594Z,True,True
Post-AI,76,220,222,2026-06-01T19:24:57.863Z,True,True
Post-AI,72,220,4,2026-05-27T11:09:48.608Z,True,True
Post-AI,72,220,4,2026-05-27T10:17:20.450Z,True,True
Post-AI,72,220,4,2026-05-27T09:54:07.628Z,True,True
Post-AI,72,220,4,2026-05-27T09:37:58.517Z,True,True
Post-AI,72,220,222,2026-05-27T05:47:18.873Z,True,True
Post-AI,72,220,222,2026-05-27T05:38:29.955Z,True,True
Post-AI,72,220,222,2026-05-27T05:26:31.206Z,True,True
Post-AI,72,220,222,2026-05-27T05:10:19.175Z,True,True
Post-AI,61,220,11,2026-05-13T15:23:58.051Z,True,True
Post-AI,61,220,222,2026-05-13T15:01:30.163Z,True,True
Post-AI,58,220,222,2026-05-11T19:06:07.442Z,False,False
Post-AI,52,220,4,2026-05-11T16:23:16.120Z,True,True
Post-AI,52,220,181,2026-05-08T20:08:06.722Z,True,True
Post-AI,52,220,222,2026-05-08T15:55:08.666Z,True,True
Post-AI,52,220,222,2026-05-07T17:11:22.096Z,True,True
Post-AI,52,220,222,2026-05-07T17:11:02.987Z,True,True
Post-AI,52,220,181,2026-05-07T12:19:28.516Z,True,True
Post-AI,52,220,181,2026-05-07T12:18:51.699Z,True,True
Post-AI,52,220,4,2026-05-07T09:57:53.012Z,True,True
Post-AI,52,220,4,2026-05-07T09:57:44.418Z,True,True
Post-AI,52,220,4,2026-05-07T09:56:51.686Z,True,True
Post-AI,52,220,4,2026-05-07T07:27:49.392Z,True,True
Post-AI,52,220,4,2026-05-07T04:25:23.852Z,True,True
Post-AI,52,220,4,2026-05-07T04:23:32.455Z,True,True
Post-AI,52,220,4,2026-05-07T04:23:05.585Z,True,True
Post-AI,52,220,181,2026-05-06T21:20:08.977Z,True,True
Post-AI,52,220,222,2026-05-06T18:41:28.002Z,True,True
Post-AI,52,220,222,2026-05-06T18:41:27.624Z,True,True
Post-AI,52,220,222,2026-05-06T18:24:51.964Z,True,True
Post-AI,52,220,222,2026-05-06T18:24:51.845Z,True,True
Post-AI,52,220,222,2026-05-06T18:24:51.750Z,True,True
Post-AI,52,220,222,2026-05-06T18:24:51.557Z,True,True
Post-AI,52,220,222,2026-05-06T18:24:50.792Z,True,True
Post-AI,50,220,222,2026-05-05T15:13:05.391Z,False,False
Post-AI,49,220,222,2026-05-05T14:59:11.919Z,True,False
Post-AI,49,220,222,2026-05-04T20:35:32.811Z,True,False
Post-AI,49,220,222,2026-05-04T20:28:14.120Z,True,False
Post-AI,49,220,11,2026-05-01T21:59:53.435Z,True,True
Post-AI,49,220,222,2026-05-01T21:06:35.712Z,True,True
Post-AI,45,220,11,2026-04-28T19:50:13.542Z,True,True
Post-AI,45,220,222,2026-04-28T02:11:17.179Z,True,True
Post-AI,43,220,222,2026-04-27T17:04:35.536Z,True,True
Post-AI,43,220,222,2026-04-27T16:53:26.033Z,True,True
Post-AI,43,220,222,2026-04-27T16:48:29.670Z,True,True
Post-AI,43,220,222,2026-04-27T16:45:43.203Z,True,True
Post-AI,43,220,222,2026-04-27T16:42:21.479Z,True,True
Post-AI,43,220,222,2026-04-27T16:41:30.615Z,True,True
Post-AI,43,220,185,2026-04-27T16:39:39.157Z,True,True
Post-AI,43,220,222,2026-04-27T16:38:24.124Z,True,True
Post-AI,43,220,185,2026-04-27T16:37:24.170Z,True,True
Post-AI,43,220,185,2026-04-27T16:35:14.751Z,True,True
Post-AI,43,220,185,2026-04-27T16:34:05.446Z,True,True
Post-AI,43,220,185,2026-04-27T16:33:13.859Z,True,True
Post-AI,43,220,185,2026-04-27T16:32:01.609Z,True,True
Post-AI,43,220,185,2026-04-27T16:30:04.928Z,True,True
Post-AI,41,220,222,2026-04-27T19:48:17.081Z,True,False
Post-AI,40,220,181,2026-04-24T16:46:15.300Z,True,False
Post-AI,39,220,4,2026-04-27T04:11:22.871Z,True,True
Post-AI,39,220,181,2026-04-24T16:39:43.557Z,True,True
Post-AI,34,220,185,2026-04-16T19:39:29.527Z,True,True
Post-AI,34,220,185,2026-04-16T19:20:50.957Z,True,True
Post-AI,34,220,185,2026-04-16T19:20:31.796Z,True,True
Post-AI,34,220,222,2026-04-16T15:31:08.783Z,True,True
Post-AI,34,220,222,2026-04-16T15:31:08.655Z,True,True
Post-AI,34,220,222,2026-04-16T15:31:08.029Z,True,False
Post-AI,34,220,222,2026-04-16T15:12:20.349Z,True,True
Post-AI,34,220,185,2026-04-16T06:19:50.767Z,True,True
Post-AI,34,220,7,2026-04-16T04:48:46.444Z,True,True
Post-AI,34,220,7,2026-04-16T04:47:54.666Z,True,True
Post-AI,33,220,4,2026-04-16T03:11:01.402Z,True,True
Post-AI,33,220,4,2026-04-16T03:09:55.366Z,True,True
Post-AI,33,220,4,2026-04-16T03:04:34.182Z,True,True
Post-AI,33,220,4,2026-04-16T03:04:11.227Z,True,True
Post-AI,33,220,222,2026-04-15T20:10:46.517Z,True,True
Post-AI,33,220,222,2026-04-15T20:10:46.309Z,True,True
Post-AI,33,220,222,2026-04-15T20:10:46.187Z,True,True
Post-AI,33,220,222,2026-04-15T20:10:45.852Z,True,True
Post-AI,32,220,12,2026-04-21T06:54:03.554Z,True,True
Post-AI,32,220,222,2026-04-16T19:51:32.188Z,True,True
Post-AI,32,220,12,2026-04-16T09:42:52.628Z,True,True
Post-AI,32,220,12,2026-04-16T09:42:26.125Z,True,True
Post-AI,32,220,12,2026-04-16T09:41:32.253Z,True,True
Post-AI,32,220,12,2026-04-16T09:33:27.868Z,True,True
Post-AI,32,220,12,2026-04-16T09:33:00.647Z,True,True
Post-AI,32,220,222,2026-04-15T20:31:02.762Z,True,True
Post-AI,32,220,222,2026-04-15T20:31:02.677Z,True,True
Post-AI,32,220,222,2026-04-15T20:31:02.598Z,True,True
Post-AI,32,220,222,2026-04-15T20:31:02.491Z,True,True
Post-AI,32,220,222,2026-04-15T20:31:01.729Z,True,True
Post-AI,32,220,12,2026-04-15T05:45:58.451Z,True,True
Post-AI,32,220,12,2026-04-15T05:40:54.265Z,True,True
Post-AI,32,220,12,2026-04-15T05:39:17.069Z,True,True
Post-AI,32,220,12,2026-04-15T05:37:01.566Z,True,True
Post-AI,32,220,12,2026-04-15T05:36:33.015Z,True,True
Post-AI,32,220,12,2026-04-15T05:34:57.237Z,True,True
Post-AI,32,220,222,2026-04-15T02:42:12.945Z,True,True
Post-AI,32,220,222,2026-04-15T02:42:12.858Z,True,True
Post-AI,32,220,222,2026-04-15T02:42:12.770Z,True,True
Post-AI,32,220,222,2026-04-15T02:42:12.681Z,True,True
Post-AI,32,220,222,2026-04-15T02:42:12.597Z,True,True
Post-AI,32,220,222,2026-04-15T02:42:12.315Z,True,True
Post-AI,27,220,185,2026-04-13T16:40:16.042Z,True,False
Post-AI,23,220,222,2026-04-09T15:38:07.759Z,True,True
Post-AI,23,220,185,2026-04-09T06:40:46.376Z,True,True
Post-AI,22,220,11,2026-04-09T14:46:46.377Z,True,True
Post-AI,22,220,11,2026-04-09T14:46:09.759Z,True,True
Post-AI,22,220,11,2026-04-09T14:36:56.641Z,True,True
Post-AI,22,220,11,2026-04-09T14:36:05.677Z,True,True
Post-AI,22,220,11,2026-04-09T14:35:45.372Z,True,True
Post-AI,22,220,11,2026-04-09T14:27:12.397Z,True,True
Post-AI,22,220,11,2026-04-09T14:17:58.393Z,True,True
Post-AI,22,220,222,2026-04-09T14:09:20.708Z,True,True
Post-AI,22,220,222,2026-04-09T14:09:20.608Z,True,True
Post-AI,22,220,222,2026-04-09T14:09:20.465Z,True,True
Post-AI,22,220,222,2026-04-09T14:09:20.350Z,True,True
Post-AI,22,220,222,2026-04-09T14:09:20.165Z,True,True
Post-AI,22,220,222,2026-04-09T13:58:34.059Z,True,True
Post-AI,22,220,222,2026-04-09T13:56:56.155Z,True,True
Post-AI,17,220,185,2026-04-06T20:42:46.843Z,True,True
Post-AI,17,220,185,2026-04-06T20:33:11.274Z,True,True
Post-AI,17,220,185,2026-04-06T20:33:02.960Z,True,True
Post-AI,17,220,185,2026-04-06T20:32:55.309Z,True,True
Post-AI,17,220,185,2026-04-06T19:31:24.008Z,True,True
Post-AI,17,220,222,2026-04-06T19:26:06.107Z,True,True
Post-AI,17,220,222,2026-04-06T18:56:03.407Z,True,True
Post-AI,17,220,222,2026-04-06T18:56:03.314Z,True,True
Post-AI,17,220,222,2026-04-06T18:56:03.009Z,True,True
Post-AI,17,220,185,2026-04-06T18:25:57.728Z,True,True
Post-AI,17,220,185,2026-04-06T18:25:43.265Z,True,True
Post-AI,17,220,222,2026-04-06T16:03:21.794Z,True,True
Post-AI,17,220,222,2026-04-06T15:58:18.755Z,True,True
Post-AI,17,220,222,2026-04-06T15:58:18.665Z,True,True
Post-AI,17,220,222,2026-04-06T15:58:18.353Z,True,True
Post-AI,13,220,11,2026-03-27T21:44:20.844Z,False,False
Post-AI,12,220,7,2026-03-23T15:37:32.351Z,True,True
Post-AI,12,220,222,2026-03-23T13:13:13.944Z,True,True
Post-AI,11,220,222,2026-03-19T17:37:01.775Z,True,True
Post-AI,11,220,222,2026-03-19T17:36:58.393Z,True,True
Post-AI,11,220,222,2026-03-19T17:36:54.250Z,True,True
Post-AI,11,220,222,2026-03-19T16:13:14.320Z,True,True
Post-AI,11,220,185,2026-03-19T06:01:25.119Z,True,True
Post-AI,11,220,185,2026-03-19T06:00:13.810Z,True,True
Post-AI,11,220,185,2026-03-19T05:59:25.636Z,True,True
Post-AI,11,220,185,2026-03-19T05:56:45.130Z,True,True
Post-AI,10,220,4,2026-03-24T06:13:15.234Z,True,True
Post-AI,10,220,4,2026-03-24T06:13:07.191Z,True,True
Post-AI,10,220,4,2026-03-24T06:13:02.273Z,True,True
Post-AI,10,220,4,2026-03-24T06:12:56.395Z,True,True
Post-AI,10,220,4,2026-03-24T06:12:47.684Z,True,True
Post-AI,10,220,4,2026-03-24T06:12:25.784Z,True,True
Post-AI,10,220,4,2026-03-24T06:12:10.548Z,True,True
Post-AI,10,220,4,2026-03-24T06:11:45.411Z,True,True
Post-AI,10,220,4,2026-03-24T06:11:36.611Z,True,True
Post-AI,10,220,4,2026-03-24T06:11:14.524Z,True,True
Post-AI,10,220,4,2026-03-24T06:11:05.316Z,True,True
Post-AI,10,220,4,2026-03-24T06:10:56.987Z,True,True
Post-AI,10,220,4,2026-03-24T06:10:31.464Z,True,True
Post-AI,10,220,222,2026-03-19T19:56:57.682Z,True,True
Post-AI,10,220,222,2026-03-19T19:56:57.586Z,True,True
Post-AI,10,220,222,2026-03-19T19:56:57.478Z,True,True
Post-AI,10,220,222,2026-03-19T19:56:57.383Z,True,True
Post-AI,10,220,222,2026-03-19T19:56:57.281Z,True,True
Post-AI,10,220,222,2026-03-19T19:56:57.188Z,True,True
Post-AI,10,220,222,2026-03-19T19:56:57.090Z,True,True
Post-AI,10,220,222,2026-03-19T19:56:56.996Z,True,True
Post-AI,10,220,222,2026-03-19T19:56:56.859Z,True,True
Post-AI,10,220,185,2026-03-19T06:32:21.084Z,True,True
Post-AI,10,220,185,2026-03-19T06:32:09.283Z,True,True
Post-AI,10,220,185,2026-03-19T06:19:47.365Z,True,True
Post-AI,10,220,185,2026-03-19T06:16:44.165Z,True,True
Post-AI,8,220,7,2026-03-13T08:36:10.804Z,True,True
Post-AI,8,220,7,2026-03-13T08:36:00.116Z,True,True
Post-AI,8,220,7,2026-03-13T08:35:43.126Z,True,True
Post-AI,8,220,7,2026-03-13T08:35:08.393Z,True,True
Post-AI,8,220,7,2026-03-13T08:31:15.691Z,True,True
Post-AI,8,220,185,2026-03-13T06:54:21.158Z,True,True
Post-AI,8,220,185,2026-03-13T06:52:17.801Z,True,True
Post-AI,8,220,185,2026-03-13T06:46:43.203Z,True,True
Post-AI,8,220,185,2026-03-13T06:45:19.402Z,True,True
Post-AI,8,220,185,2026-03-13T06:39:41.359Z,True,True
Post-AI,8,220,7,2026-03-13T04:10:36.885Z,True,True
Post-AI,8,220,7,2026-03-13T04:10:18.933Z,True,True
Post-AI,8,220,222,2026-03-12T15:33:32.580Z,True,True
Post-AI,8,220,222,2026-03-12T15:33:32.277Z,True,True
Post-AI,7,220,222,2026-02-27T21:04:31.286Z,False,False
Post-AI,7,220,185,2026-02-27T21:00:35.097Z,False,False
Post-AI,6,220,185,2026-03-03T16:41:19.242Z,True,False
Post-AI,6,220,7,2026-03-03T04:59:43.288Z,True,True
Post-AI,6,220,7,2026-03-03T04:59:28.045Z,True,True
Post-AI,6,220,7,2026-03-03T04:59:16.995Z,True,True
Post-AI,6,220,7,2026-03-03T04:59:03.398Z,True,True
Post-AI,6,220,7,2026-03-03T04:58:44.292Z,True,True
Post-AI,6,220,222,2026-03-03T02:34:17.487Z,True,True
Post-AI,6,220,222,2026-03-03T02:34:17.363Z,True,True
Post-AI,6,220,222,2026-03-03T02:34:17.244Z,True,True
Post-AI,6,220,222,2026-03-03T02:34:17.078Z,True,True
Post-AI,6,220,222,2026-03-03T02:34:16.595Z,True,True
Post-AI,6,220,185,2026-03-02T21:27:13.944Z,True,False
Post-AI,6,220,7,2026-03-02T10:08:17.052Z,True,True
Post-AI,6,220,7,2026-03-02T10:08:07.019Z,True,True
Post-AI,6,220,7,2026-03-02T10:07:55.622Z,True,True
Post-AI,6,220,7,2026-03-02T10:07:47.530Z,True,True
Post-AI,6,220,7,2026-03-02T10:07:26.588Z,True,False
Post-AI,6,220,185,2026-03-02T09:24:13.580Z,True,True
Post-AI,6,220,185,2026-03-02T09:21:39.065Z,True,True
Post-AI,6,220,185,2026-03-02T09:17:57.039Z,True,False
Post-AI,6,220,185,2026-03-02T09:15:52.102Z,True,True
Post-AI,6,220,185,2026-03-02T09:14:08.338Z,True,True
Post-AI,6,220,7,2026-03-02T06:08:14.507Z,True,True
Post-AI,6,220,7,2026-03-02T06:08:01.799Z,True,True
Post-AI,6,220,7,2026-03-02T06:06:54.819Z,True,True
Post-AI,6,220,7,2026-03-02T06:06:45.801Z,True,True
Post-AI,6,220,7,2026-03-02T06:06:38.246Z,True,True
Post-AI,6,220,7,2026-03-02T06:06:30.608Z,True,True
Post-AI,6,220,7,2026-03-02T06:06:07.884Z,True,True
Post-AI,6,220,7,2026-03-02T06:05:20.068Z,True,True
Post-AI,6,220,7,2026-03-02T06:03:55.529Z,True,True
Post-AI,6,220,222,2026-03-02T05:06:27.864Z,True,True
Post-AI,6,220,222,2026-03-02T05:06:27.755Z,True,True
Post-AI,6,220,222,2026-03-02T05:06:27.650Z,True,True
Post-AI,6,220,222,2026-03-02T05:06:27.551Z,True,True
Post-AI,6,220,222,2026-03-02T05:06:27.378Z,True,True
Post-AI,6,220,222,2026-03-02T05:06:27.279Z,True,True
Post-AI,6,220,222,2026-03-02T05:06:27.178Z,True,True
Post-AI,6,220,222,2026-03-02T05:06:27.079Z,True,True
Post-AI,6,220,222,2026-03-02T05:06:26.616Z,True,True
Post-AI,3,220,185,2026-02-26T19:57:01.380Z,True,False
Post-AI,3,220,222,2026-02-26T19:39:21.459Z,True,True
Post-AI,3,220,222,2026-02-26T19:15:07.499Z,True,False
Post-AI,3,220,222,2026-02-26T19:09:54.101Z,True,True
Post-AI,3,220,222,2026-02-26T19:03:34.456Z,True,True
Post-AI,3,220,222,2026-02-26T18:33:06.209Z,True,True
Post-AI,3,220,222,2026-02-26T18:31:49.928Z,True,True
Post-AI,3,220,222,2026-02-26T18:29:52.066Z,True,True
Post-AI,3,220,222,2026-02-26T18:28:56.689Z,True,True
Post-AI,3,220,222,2026-02-26T18:28:51.347Z,True,True
Post-AI,3,220,222,2026-02-26T18:25:04.192Z,True,True
Post-AI,3,220,222,2026-02-26T18:24:52.812Z,True,True
Post-AI,3,220,7,2026-02-26T02:52:18.288Z,True,True
Post-AI,3,220,222,2026-02-25T22:04:20.994Z,True,True
Post-AI,3,220,222,2026-02-25T22:00:44.663Z,True,True
Post-AI,3,220,185,2026-02-25T01:05:43.103Z,True,True
Post-AI,3,220,185,2026-02-25T01:04:50.489Z,True,True
Post-AI,3,220,185,2026-02-25T01:03:19.434Z,True,True
Post-AI,3,220,185,2026-02-25T01:01:20.145Z,True,False
Post-AI,3,220,185,2026-02-25T01:00:02.640Z,True,True
Post-AI,3,220,185,2026-02-25T00:57:00.565Z,True,True
Post-AI,3,220,185,2026-02-25T00:52:39.454Z,True,True
Post-AI,3,220,185,2026-02-25T00:50:14.790Z,True,True
Post-AI,3,220,185,2026-02-25T00:44:26.333Z,True,True
Post-AI,3,220,185,2026-02-25T00:43:00.752Z,True,True
Post-AI,3,220,185,2026-02-25T00:40:03.198Z,True,True
Post-AI,3,220,222,2026-02-25T00:35:06.705Z,True,True
Post-AI,3,220,222,2026-02-25T00:30:16.797Z,True,True
Post-AI,3,220,185,2026-02-25T00:29:57.488Z,True,True
Post-AI,3,220,222,2026-02-24T23:56:42.192Z,True,True
Post-AI,3,220,185,2026-02-24T23:46:24.030Z,True,True
Post-AI,3,220,185,2026-02-24T23:44:31.908Z,True,True
Post-AI,914,152,185,2026-02-06T17:43:49.762Z,True,False
Post-AI,914,152,185,2026-02-06T17:42:40.388Z,True,False
